PLAYER_ID, PLAYER_NAME, TEAM_ID, TEAM_ABBREVIATION, GP, W, L, MIN, MIN1, DIST_FEET, DIST_MILES, DIST_MILES_OFF, DIST_MILES_DEF, AVG_SPEED, AVG_SPEED_DEF
201985, AJ Price, 1610612739, CLE, 26, 11, 15, 12.44, 12.44, 4690.0, 0.89, 0.5, 0.39, 4.29, 3.98
201166, Aaron Brooks, 1610612741, CHI, 82, 50, 32, 22.98, 22.98, 8351.73, 1.58, 0.87, 0.71, 4.15, 3.81
203932, Aaron Gordon, 1610612753, ORL, 47, 14, 33, 16.96, 16.96, 6634.0, 1.26, 0.67, 0.58, 4.46, 4.02
203940, Adreian Payne, 1610612750, MIN, 32, 7, 25, 23.11, 23.11, 8528.5, 1.62, 0.87, 0.75, 4.2, 3.89
201143, Al Horford, 1610612737, ATL, 76, 56, 20, 30.5, 30.5, 10721.09, 2.03, 1.06, 0.97, 4.01, 3.74
2744, Al Jefferson, 1610612766, CHA, 65, 25, 40, 30.64, 30.64, 10203.98, 1.93, 1.04, 0.9, 3.79, 3.63
202329, Al-Farouq Aminu, 1610612742, DAL, 74, 45, 29, 18.46, 18.46, 7403.04, 1.4, 0.74, 0.66, 4.56, 4.22
101187, Alan Anderson, 1610612751, BKN, 74, 35, 39, 23.57, 23.57, 8518.36, 1.61, 0.83, 0.79, 4.11, 3.97
202692, Alec Burks, 1610612762, UTA, 27, 9, 18, 33.3, 33.3, 12400.85, 2.35, 1.27, 1.07, 4.24, 3.97
203945, Alex Kirk, 1610612739, CLE, 5, 2, 3, 2.8, 2.8, 991.2, 0.19, 0.1, 0.09, 3.86, 4.3
203458, Alex Len, 1610612756, PHX, 69, 35, 34, 22.0, 22.0, 7943.38, 1.5, 0.79, 0.71, 4.11, 3.78
203144, Alexey Shved, 1610612752, NYK, 42, 10, 32, 18.27, 18.27, 6784.26, 1.28, 0.69, 0.59, 4.22, 3.94
201582, Alexis Ajinca, 1610612740, NOP, 68, 41, 27, 14.07, 14.07, 4914.66, 0.93, 0.51, 0.42, 3.97, 3.71
203459, Allen Crabbe, 1610612757, POR, 51, 36, 15, 13.39, 13.39, 5149.37, 0.98, 0.53, 0.44, 4.37, 4.04
202087, Alonzo Gee, 1610612757, POR, 54, 21, 33, 12.25, 12.25, 4753.61, 0.9, 0.45, 0.45, 4.42, 4.22
2405, Amar'e Stoudemire, 1610612742, DAL, 58, 19, 39, 21.32, 21.32, 7293.41, 1.38, 0.74, 0.64, 3.9, 3.74
101161, Amir Johnson, 1610612761, TOR, 75, 44, 31, 26.38, 26.38, 9478.01, 1.8, 0.94, 0.86, 4.08, 3.98
2760, Anderson Varejao, 1610612739, CLE, 26, 16, 10, 24.45, 24.45, 9462.12, 1.79, 0.94, 0.85, 4.41, 4.21
203958, Andre Dawkins, 1610612748, MIA, 4, 2, 2, 5.42, 5.42, 1948.75, 0.37, 0.21, 0.16, 4.15, 3.5
203083, Andre Drummond, 1610612765, DET, 82, 32, 50, 30.51, 30.51, 10846.17, 2.05, 1.06, 1.0, 4.05, 3.96
2738, Andre Iguodala, 1610612744, GSW, 77, 64, 13, 26.86, 26.86, 9994.17, 1.89, 0.98, 0.91, 4.17, 3.78
1889, Andre Miller, 1610612758, SAC, 81, 44, 37, 15.47, 15.47, 5387.01, 1.02, 0.57, 0.45, 3.96, 3.6
203460, Andre Roberson, 1610612760, OKC, 67, 41, 26, 19.2, 19.2, 7840.45, 1.48, 0.76, 0.72, 4.66, 4.43
200745, Andrea Bargnani, 1610612752, NYK, 29, 5, 24, 27.08, 27.08, 9335.34, 1.77, 0.98, 0.79, 3.92, 3.73
1905, Andrei Kirilenko, 1610612751, BKN, 7, 3, 4, 5.2, 5.2, 2079.86, 0.39, 0.22, 0.18, 4.58, 4.03
101106, Andrew Bogut, 1610612744, GSW, 67, 58, 9, 23.62, 23.62, 7836.21, 1.48, 0.76, 0.73, 3.71, 3.32
203094, Andrew Nicholson, 1610612753, ORL, 40, 14, 26, 12.3, 12.3, 4461.83, 0.85, 0.45, 0.39, 4.13, 3.75
203952, Andrew Wiggins, 1610612750, MIN, 81, 16, 65, 36.26, 36.26, 13169.25, 2.49, 1.32, 1.17, 4.13, 3.89
203461, Anthony Bennett, 1610612750, MIN, 56, 12, 44, 15.8, 15.8, 5841.05, 1.11, 0.6, 0.5, 4.21, 3.88
203076, Anthony Davis, 1610612740, NOP, 68, 39, 29, 36.1, 36.1, 12405.19, 2.35, 1.26, 1.09, 3.91, 3.67
201627, Anthony Morrow, 1610612760, OKC, 74, 42, 32, 24.4, 24.4, 8792.31, 1.67, 0.87, 0.79, 4.11, 3.86
201229, Anthony Tolliver, 1610612765, DET, 76, 36, 40, 18.85, 18.85, 7174.8, 1.36, 0.74, 0.62, 4.33, 3.92
203462, Archie Goodwin, 1610612756, PHX, 41, 16, 25, 13.04, 13.04, 5083.78, 0.96, 0.51, 0.45, 4.45, 4.22
202620, Arinze Onuaku, 1610612750, MIN, 6, 0, 6, 11.38, 11.38, 3789.33, 0.72, 0.36, 0.36, 3.79, 3.64
203382, Aron Baynes, 1610612759, SAS, 70, 49, 21, 16.03, 16.03, 5906.49, 1.12, 0.6, 0.52, 4.2, 3.92
201167, Arron Afflalo, 1610612757, POR, 78, 35, 43, 32.07, 32.07, 11730.97, 2.22, 1.18, 1.04, 4.17, 3.83
201948, Austin Daye, 1610612737, ATL, 34, 17, 17, 10.12, 10.12, 3766.18, 0.71, 0.38, 0.33, 4.24, 3.95
203085, Austin Rivers, 1610612746, LAC, 76, 46, 30, 20.57, 20.57, 7861.84, 1.49, 0.8, 0.69, 4.35, 4.07
202340, Avery Bradley, 1610612738, BOS, 77, 37, 40, 31.53, 31.53, 11965.73, 2.27, 1.15, 1.12, 4.33, 4.12
2732, Ben Gordon, 1610612753, ORL, 56, 17, 39, 14.11, 14.11, 5116.41, 0.97, 0.52, 0.45, 4.13, 3.78
203463, Ben McLemore, 1610612758, SAC, 82, 29, 53, 32.56, 32.56, 12914.67, 2.45, 1.28, 1.16, 4.51, 4.27
2757, Beno Udrih, 1610612763, MEM, 79, 55, 24, 18.92, 18.92, 7530.99, 1.43, 0.81, 0.62, 4.54, 3.98
203108, Bernard James, 1610612742, DAL, 16, 6, 10, 9.85, 9.85, 3510.0, 0.66, 0.34, 0.33, 4.04, 3.93
202687, Bismack Biyombo, 1610612766, CHA, 64, 26, 38, 19.42, 19.42, 7000.05, 1.33, 0.7, 0.63, 4.1, 3.89
201933, Blake Griffin, 1610612746, LAC, 67, 47, 20, 35.16, 35.16, 11759.96, 2.23, 1.14, 1.09, 3.8, 3.58
202711, Bojan Bogdanovic, 1610612751, BKN, 78, 36, 42, 23.77, 23.77, 8937.24, 1.69, 0.87, 0.82, 4.27, 4.13
2564, Boris Diaw, 1610612759, SAS, 81, 55, 26, 24.5, 24.5, 9078.49, 1.72, 0.96, 0.76, 4.22, 3.77
203078, Bradley Beal, 1610612764, WAS, 63, 37, 26, 33.45, 33.45, 12981.21, 2.46, 1.32, 1.14, 4.41, 4.03
201148, Brandan Wright, 1610612756, PHX, 75, 37, 38, 19.31, 19.31, 6739.76, 1.28, 0.66, 0.62, 3.96, 3.75
101138, Brandon Bass, 1610612738, BOS, 82, 40, 42, 23.52, 23.52, 8493.27, 1.61, 0.84, 0.76, 4.12, 3.78
203561, Brandon Davies, 1610612755, PHI, 27, 6, 21, 15.66, 15.66, 6299.85, 1.19, 0.64, 0.55, 4.57, 4.18
201943, Brandon Jennings, 1610612765, DET, 41, 17, 24, 28.61, 28.61, 11184.44, 2.12, 1.19, 0.93, 4.45, 4.03
202688, Brandon Knight, 1610612756, PHX, 62, 32, 30, 32.26, 32.26, 12296.32, 2.33, 1.24, 1.09, 4.33, 3.89
201575, Brandon Rush, 1610612744, GSW, 33, 27, 6, 8.21, 8.21, 3223.39, 0.61, 0.34, 0.27, 4.39, 4.1
2217, Brendan Haywood, 1610612739, CLE, 22, 14, 8, 5.41, 5.41, 1892.73, 0.36, 0.2, 0.16, 3.98, 3.75
203148, Brian Roberts, 1610612766, CHA, 72, 30, 42, 18.47, 18.47, 7055.19, 1.34, 0.75, 0.58, 4.36, 3.9
201572, Brook Lopez, 1610612751, BKN, 72, 34, 38, 29.17, 29.17, 9881.75, 1.87, 0.96, 0.91, 3.85, 3.76
203998, Bruno Caboclo, 1610612761, TOR, 8, 7, 1, 2.93, 2.93, 1143.38, 0.22, 0.13, 0.09, 4.36, 4.58
203955, Bryce Cotton, 1610612762, UTA, 15, 9, 6, 10.63, 10.63, 4314.27, 0.82, 0.46, 0.36, 4.65, 4.25
201228, C.J. Watson, 1610612754, IND, 57, 25, 32, 24.95, 24.95, 9623.93, 1.82, 1.01, 0.81, 4.39, 4.0
203468, CJ McCollum, 1610612757, POR, 62, 37, 25, 15.7, 15.7, 6438.69, 1.22, 0.69, 0.53, 4.68, 4.12
101139, CJ Miles, 1610612754, IND, 70, 31, 39, 26.3, 26.3, 9420.3, 1.78, 0.97, 0.81, 4.09, 3.83
203912, CJ Wilcox, 1610612746, LAC, 21, 15, 6, 4.79, 4.79, 1727.14, 0.33, 0.17, 0.16, 4.11, 4.14
203946, Cameron Bairstow, 1610612741, CHI, 18, 12, 6, 3.53, 3.53, 1213.5, 0.23, 0.13, 0.1, 3.87, 3.72
201171, Carl Landry, 1610612758, SAC, 70, 26, 44, 17.02, 17.02, 5988.5, 1.13, 0.61, 0.52, 4.0, 3.78
2430, Carlos Boozer, 1610612747, LAL, 71, 18, 53, 23.83, 23.83, 8083.1, 1.53, 0.81, 0.72, 3.86, 3.71
2546, Carmelo Anthony, 1610612752, NYK, 39, 10, 29, 35.9, 35.9, 12196.38, 2.31, 1.27, 1.04, 3.88, 3.6
2406, Caron Butler, 1610612765, DET, 78, 30, 48, 20.81, 20.81, 7584.87, 1.44, 0.8, 0.64, 4.14, 3.75
201858, Cartier Martin, 1610612765, DET, 23, 7, 16, 8.62, 8.62, 3335.48, 0.63, 0.36, 0.27, 4.39, 3.97
202718, Chandler Parsons, 1610612742, DAL, 66, 41, 25, 33.12, 33.12, 12669.45, 2.4, 1.27, 1.13, 4.35, 4.01
101112, Channing Frye, 1610612753, ORL, 75, 23, 52, 24.93, 24.93, 8458.64, 1.6, 0.89, 0.71, 3.87, 3.37
101111, Charlie Villanueva, 1610612742, DAL, 64, 37, 27, 10.6, 10.6, 3914.06, 0.74, 0.39, 0.35, 4.2, 3.91
201978, Chase Budinger, 1610612750, MIN, 66, 8, 58, 19.42, 19.42, 7095.53, 1.34, 0.73, 0.62, 4.15, 3.75
2365, Chris Andersen, 1610612748, MIA, 59, 26, 33, 18.69, 18.69, 6597.14, 1.25, 0.65, 0.6, 4.02, 3.9
2547, Chris Bosh, 1610612748, MIA, 44, 19, 25, 35.36, 35.36, 11374.41, 2.15, 1.14, 1.01, 3.66, 3.51
203142, Chris Copeland, 1610612754, IND, 50, 19, 31, 16.55, 16.55, 5868.56, 1.11, 0.6, 0.51, 4.05, 3.91
201604, Chris Douglas-Roberts, 1610612746, LAC, 12, 5, 7, 8.55, 8.55, 3016.25, 0.57, 0.29, 0.28, 4.05, 4.11
203187, Chris Johnson, 1610612762, UTA, 29, 9, 20, 18.16, 18.16, 7361.66, 1.39, 0.74, 0.65, 4.61, 4.31
2549, Chris Kaman, 1610612757, POR, 74, 47, 27, 18.89, 18.89, 6644.66, 1.26, 0.67, 0.59, 4.0, 3.81
101108, Chris Paul, 1610612746, LAC, 82, 56, 26, 34.84, 34.84, 12064.02, 2.28, 1.21, 1.07, 3.94, 3.57
101236, Chuck Hayes, 1610612761, TOR, 29, 17, 12, 8.8, 8.8, 2951.14, 0.56, 0.29, 0.27, 3.81, 3.72
203921, Cleanthony Early, 1610612752, NYK, 39, 6, 33, 16.59, 16.59, 6286.64, 1.19, 0.66, 0.53, 4.28, 3.95
203991, Clint Capela, 1610612745, HOU, 12, 8, 4, 7.47, 7.47, 2875.83, 0.54, 0.29, 0.26, 4.35, 3.97
203469, Cody Zeller, 1610612766, CHA, 62, 27, 35, 23.98, 23.98, 9566.18, 1.81, 1.03, 0.78, 4.54, 3.97
202332, Cole Aldrich, 1610612752, NYK, 60, 11, 49, 16.03, 16.03, 5715.17, 1.08, 0.59, 0.49, 4.05, 3.76
201147, Corey Brewer, 1610612745, HOU, 79, 42, 37, 26.12, 26.12, 9834.84, 1.86, 0.97, 0.89, 4.29, 4.02
203928, Cory Jefferson, 1610612751, BKN, 50, 18, 32, 10.62, 10.62, 4076.24, 0.77, 0.4, 0.37, 4.37, 4.03
202709, Cory Joseph, 1610612759, SAS, 79, 53, 26, 18.27, 18.27, 7550.66, 1.43, 0.78, 0.65, 4.7, 4.34
201584, Courtney Lee, 1610612763, MEM, 77, 51, 26, 30.58, 30.58, 11438.92, 2.17, 1.19, 0.98, 4.26, 3.97
201571, D.J. Augustin, 1610612760, OKC, 82, 37, 45, 23.95, 23.95, 8802.15, 1.67, 0.93, 0.74, 4.19, 3.78
2563, Dahntay Jones, 1610612746, LAC, 33, 23, 10, 3.74, 3.74, 1377.82, 0.26, 0.13, 0.13, 4.2, 4.19
203081, Damian Lillard, 1610612757, POR, 82, 51, 31, 35.67, 35.67, 13334.26, 2.53, 1.42, 1.11, 4.25, 3.8
204014, Damjan Rudez, 1610612754, IND, 68, 28, 40, 15.4, 15.4, 5711.44, 1.08, 0.59, 0.49, 4.22, 3.95
201568, Danilo Gallinari, 1610612743, DEN, 59, 23, 36, 24.17, 24.17, 8581.88, 1.63, 0.86, 0.77, 4.05, 3.72
101122, Danny Granger, 1610612756, PHX, 29, 10, 19, 20.36, 20.36, 7261.28, 1.38, 0.75, 0.62, 4.06, 3.8
201980, Danny Green, 1610612759, SAS, 81, 55, 26, 28.54, 28.54, 11383.72, 2.16, 1.17, 0.98, 4.55, 4.21
201967, Dante Cunningham, 1610612740, NOP, 66, 37, 29, 25.03, 25.03, 9851.92, 1.87, 1.03, 0.84, 4.48, 4.2
203957, Dante Exum, 1610612762, UTA, 82, 38, 44, 22.16, 22.16, 8411.94, 1.59, 0.88, 0.71, 4.32, 4.03
203121, Darius Miller, 1610612740, NOP, 5, 1, 4, 8.67, 8.67, 3265.6, 0.62, 0.32, 0.3, 4.3, 4.12
202721, Darius Morris, 1610612751, BKN, 38, 14, 24, 7.87, 7.87, 3180.89, 0.6, 0.3, 0.3, 4.6, 4.44
201589, Darrell Arthur, 1610612743, DEN, 58, 22, 36, 17.03, 17.03, 6102.88, 1.16, 0.59, 0.57, 4.08, 3.78
201954, Darren Collison, 1610612758, SAC, 45, 16, 29, 34.77, 34.77, 12816.09, 2.43, 1.31, 1.12, 4.19, 3.87
101135, David Lee, 1610612744, GSW, 49, 37, 12, 18.46, 18.46, 6616.41, 1.25, 0.65, 0.61, 4.02, 3.73
204065, David Stockton, 1610612758, SAC, 3, 1, 2, 11.03, 11.03, 4388.0, 0.83, 0.44, 0.39, 4.54, 3.85
204033, David Wear, 1610612758, SAC, 2, 0, 2, 3.48, 3.48, 1387.0, 0.26, 0.15, 0.12, 4.31, 3.77
2561, David West, 1610612754, IND, 66, 32, 34, 28.72, 28.72, 9250.41, 1.75, 0.94, 0.81, 3.67, 3.52
201599, DeAndre Jordan, 1610612746, LAC, 82, 56, 26, 34.39, 34.39, 11779.44, 2.23, 1.14, 1.1, 3.9, 3.7
201971, DeJuan Blair, 1610612764, WAS, 29, 15, 14, 6.22, 6.22, 2032.17, 0.38, 0.2, 0.18, 3.7, 3.46
201942, DeMar DeRozan, 1610612761, TOR, 60, 37, 23, 35.0, 35.0, 12771.85, 2.42, 1.34, 1.08, 4.15, 3.8
202326, DeMarcus Cousins, 1610612758, SAC, 59, 23, 36, 34.12, 34.12, 10837.73, 2.05, 1.07, 0.98, 3.61, 3.49
201960, DeMarre Carroll, 1610612737, ATL, 70, 53, 17, 31.26, 31.26, 11318.87, 2.14, 1.09, 1.05, 4.13, 4.03
203471, Dennis Schroder, 1610612737, ATL, 77, 57, 20, 19.69, 19.69, 7605.4, 1.44, 0.78, 0.66, 4.39, 4.04
101114, Deron Williams, 1610612751, BKN, 68, 34, 34, 31.09, 31.09, 11330.16, 2.15, 1.16, 0.99, 4.14, 3.79
202324, Derrick Favors, 1610612762, UTA, 74, 33, 41, 30.81, 30.81, 11109.27, 2.1, 1.14, 0.96, 4.1, 3.87
201565, Derrick Rose, 1610612741, CHI, 51, 33, 18, 30.0, 30.0, 11278.43, 2.14, 1.2, 0.94, 4.27, 3.77
202682, Derrick Williams, 1610612758, SAC, 74, 27, 47, 19.75, 19.75, 7202.19, 1.36, 0.74, 0.63, 4.15, 3.83
2734, Devin Harris, 1610612742, DAL, 76, 45, 31, 22.17, 22.17, 8127.42, 1.54, 0.82, 0.72, 4.17, 3.83
203906, Devyn Marble, 1610612753, ORL, 16, 3, 13, 13.01, 13.01, 5260.94, 1.0, 0.48, 0.51, 4.59, 4.38
203473, Dewayne Dedmon, 1610612753, ORL, 59, 17, 42, 14.32, 14.32, 5038.47, 0.95, 0.49, 0.46, 4.02, 3.81
203079, Dion Waiters, 1610612760, OKC, 79, 46, 33, 27.59, 27.59, 9722.53, 1.84, 0.96, 0.88, 4.03, 3.8
1717, Dirk Nowitzki, 1610612742, DAL, 77, 47, 30, 29.63, 29.63, 9806.88, 1.86, 0.99, 0.87, 3.77, 3.49
202388, Donald Sloan, 1610612754, IND, 53, 22, 31, 20.88, 20.88, 7943.72, 1.5, 0.86, 0.64, 4.35, 3.93
202700, Donatas Motiejunas, 1610612745, HOU, 70, 47, 23, 28.66, 28.66, 10946.91, 2.07, 1.09, 0.98, 4.34, 4.07
2748, Dorell Wright, 1610612757, POR, 48, 28, 20, 12.34, 12.34, 4506.79, 0.85, 0.47, 0.38, 4.16, 3.81
203926, Doug McDermott, 1610612741, CHI, 36, 23, 13, 8.91, 8.91, 3599.53, 0.68, 0.37, 0.31, 4.6, 4.21
203110, Draymond Green, 1610612744, GSW, 79, 64, 15, 31.52, 31.52, 11184.68, 2.12, 1.08, 1.04, 3.97, 3.56
2400, Drew Gooden, 1610612764, WAS, 51, 31, 20, 16.94, 16.94, 6144.61, 1.16, 0.61, 0.56, 4.13, 3.95
204079, Drew Gordon, 1610612755, PHI, 9, 0, 9, 7.91, 7.91, 3153.11, 0.6, 0.32, 0.28, 4.57, 4.32
202779, Dwight Buycks, 1610612747, LAL, 6, 1, 5, 20.46, 20.46, 7434.17, 1.41, 0.82, 0.59, 4.1, 3.7
2730, Dwight Howard, 1610612745, HOU, 40, 28, 12, 29.74, 29.74, 9930.78, 1.88, 0.99, 0.89, 3.81, 3.58
203939, Dwight Powell, 1610612742, DAL, 29, 11, 18, 8.15, 8.15, 3236.55, 0.61, 0.33, 0.28, 4.52, 4.06
2548, Dwyane Wade, 1610612748, MIA, 61, 27, 34, 31.71, 31.71, 11135.95, 2.11, 1.15, 0.96, 4.0, 3.68
202734, E'Twaun Moore, 1610612741, CHI, 56, 36, 20, 9.01, 9.01, 3426.09, 0.65, 0.34, 0.31, 4.37, 4.13
2853, Earl Barron, 1610612756, PHX, 16, 5, 11, 8.93, 8.93, 3346.94, 0.63, 0.34, 0.29, 4.25, 3.97
201947, Earl Clark, 1610612751, BKN, 10, 6, 4, 9.31, 9.31, 3519.3, 0.67, 0.35, 0.32, 4.32, 3.92
202334, Ed Davis, 1610612747, LAL, 79, 20, 59, 23.29, 23.29, 8824.91, 1.67, 0.88, 0.79, 4.31, 4.15
202327, Ekpe Udoh, 1610612746, LAC, 33, 24, 9, 3.89, 3.89, 1356.24, 0.26, 0.14, 0.12, 3.98, 3.88
203901, Elfrid Payton, 1610612753, ORL, 82, 25, 57, 30.35, 30.35, 11707.83, 2.22, 1.15, 1.07, 4.4, 4.12
202407, Elijah Millsap, 1610612762, UTA, 47, 25, 22, 19.65, 19.65, 7312.02, 1.38, 0.75, 0.64, 4.25, 4.07
202343, Elliot Williams, 1610612755, PHI, 13, 6, 7, 9.13, 9.13, 3504.31, 0.66, 0.36, 0.31, 4.34, 4.27
1882, Elton Brand, 1610612737, ATL, 36, 25, 11, 13.49, 13.49, 4736.64, 0.9, 0.48, 0.42, 3.99, 3.78
202683, Enes Kanter, 1610612760, OKC, 75, 32, 43, 28.48, 28.48, 10396.43, 1.97, 1.06, 0.9, 4.18, 3.88
202339, Eric Bledsoe, 1610612756, PHX, 81, 39, 42, 34.56, 34.56, 12471.63, 2.36, 1.26, 1.11, 4.1, 3.73
201569, Eric Gordon, 1610612740, NOP, 61, 35, 26, 33.08, 33.08, 11917.57, 2.26, 1.27, 0.98, 4.1, 3.63
203961, Eric Moreland, 1610612758, SAC, 3, 0, 3, 0.69, 0.69, 267.33, 0.05, 0.03, 0.02, 5.88, 5.18
203475, Erick Green, 1610612743, DEN, 43, 15, 28, 9.53, 9.53, 3668.21, 0.69, 0.36, 0.34, 4.37, 4.22
101141, Ersan Ilyasova, 1610612749, MIL, 57, 25, 32, 22.93, 22.93, 8155.72, 1.54, 0.79, 0.75, 4.04, 3.76
203095, Evan Fournier, 1610612753, ORL, 58, 19, 39, 28.64, 28.64, 10925.98, 2.07, 1.11, 0.96, 4.34, 3.98
202323, Evan Turner, 1610612738, BOS, 82, 40, 42, 27.56, 27.56, 10108.12, 1.91, 1.01, 0.9, 4.18, 3.82
203105, Festus Ezeli, 1610612744, GSW, 46, 39, 7, 10.95, 10.95, 4100.46, 0.78, 0.41, 0.37, 4.19, 3.91
101128, Francisco Garcia, 1610612745, HOU, 14, 10, 4, 14.31, 14.31, 5195.64, 0.98, 0.52, 0.46, 4.14, 3.94
203128, Furkan Aldemir, 1610612755, PHI, 41, 9, 32, 13.18, 13.18, 5004.95, 0.95, 0.5, 0.45, 4.33, 4.17
203539, Gal Mekel, 1610612742, DAL, 4, 2, 2, 10.87, 10.87, 4121.25, 0.78, 0.46, 0.32, 4.29, 3.8
202066, Garrett Temple, 1610612764, WAS, 52, 28, 24, 14.14, 14.14, 5431.96, 1.03, 0.53, 0.5, 4.35, 4.11
203914, Gary Harris, 1610612743, DEN, 55, 18, 37, 13.07, 13.07, 5079.29, 0.96, 0.49, 0.47, 4.41, 4.29
202390, Gary Neal, 1610612750, MIN, 54, 24, 30, 22.08, 22.08, 8000.89, 1.52, 0.85, 0.66, 4.12, 3.7
201588, George Hill, 1610612754, IND, 43, 26, 17, 29.47, 29.47, 10745.44, 2.04, 1.12, 0.92, 4.15, 3.84
101123, Gerald Green, 1610612756, PHX, 74, 34, 40, 19.54, 19.54, 7224.91, 1.37, 0.7, 0.67, 4.21, 4.0
201945, Gerald Henderson, 1610612766, CHA, 80, 32, 48, 28.94, 28.94, 11129.79, 2.11, 1.15, 0.95, 4.38, 4.01
2222, Gerald Wallace, 1610612738, BOS, 32, 15, 17, 8.94, 8.94, 3269.66, 0.62, 0.32, 0.3, 4.16, 3.9
203507, Giannis Antetokounmpo, 1610612749, MIL, 80, 40, 40, 31.35, 31.35, 11551.85, 2.19, 1.14, 1.04, 4.19, 3.84
203540, Gigi Datome, 1610612738, BOS, 21, 11, 10, 9.96, 9.96, 3746.81, 0.71, 0.38, 0.33, 4.28, 3.93
201175, Glen Davis, 1610612746, LAC, 74, 52, 22, 12.22, 12.22, 4289.47, 0.81, 0.4, 0.41, 3.99, 3.98
203318, Glen Rice, 1610612764, WAS, 5, 4, 1, 8.52, 8.52, 3253.0, 0.62, 0.33, 0.28, 4.37, 4.18
203922, Glenn Robinson III, 1610612755, PHI, 35, 2, 33, 7.45, 7.45, 2863.29, 0.54, 0.29, 0.25, 4.37, 4.1
201609, Goran Dragic, 1610612748, MIA, 78, 41, 37, 33.85, 33.85, 13240.17, 2.51, 1.34, 1.17, 4.45, 4.07
202330, Gordon Hayward, 1610612762, UTA, 76, 35, 41, 34.44, 34.44, 12809.99, 2.43, 1.38, 1.05, 4.23, 3.78
203476, Gorgui Dieng, 1610612750, MIN, 72, 16, 56, 30.27, 30.27, 10380.86, 1.97, 1.01, 0.96, 3.9, 3.87
203511, Grant Jerrett, 1610612762, UTA, 8, 6, 2, 6.37, 6.37, 2420.88, 0.46, 0.26, 0.2, 4.35, 4.06
202328, Greg Monroe, 1610612765, DET, 69, 25, 44, 30.97, 30.97, 10935.01, 2.07, 1.1, 0.97, 4.01, 3.87
202962, Greg Smith, 1610612742, DAL, 42, 27, 15, 8.64, 8.64, 2979.29, 0.56, 0.29, 0.27, 3.93, 3.74
201880, Greg Stiemsma, 1610612761, TOR, 17, 13, 4, 3.86, 3.86, 1379.18, 0.26, 0.15, 0.11, 4.02, 3.87
202349, Greivis Vasquez, 1610612761, TOR, 82, 49, 33, 24.28, 24.28, 8914.38, 1.69, 0.9, 0.78, 4.18, 3.94
203084, Harrison Barnes, 1610612744, GSW, 82, 67, 15, 28.27, 28.27, 11322.1, 2.14, 1.1, 1.05, 4.49, 4.05
202355, Hassan Whiteside, 1610612748, MIA, 47, 17, 30, 24.13, 24.13, 8229.74, 1.56, 0.83, 0.73, 3.88, 3.74
2045, Hedo Turkoglu, 1610612746, LAC, 62, 42, 20, 11.36, 11.36, 4100.53, 0.78, 0.4, 0.37, 4.11, 3.94
203156, Henry Sims, 1610612755, PHI, 73, 14, 59, 19.16, 19.16, 7160.77, 1.36, 0.73, 0.63, 4.26, 4.02
201611, Henry Walker, 1610612748, MIA, 24, 12, 12, 26.15, 26.15, 9224.96, 1.75, 0.96, 0.79, 4.01, 3.64
203138, Hollis Thompson, 1610612755, PHI, 71, 13, 58, 25.01, 25.01, 9726.75, 1.84, 0.99, 0.86, 4.43, 4.1
203546, Ian Clark, 1610612743, DEN, 30, 9, 21, 6.41, 6.41, 2475.17, 0.47, 0.25, 0.22, 4.39, 4.14
101133, Ian Mahinmi, 1610612754, IND, 61, 28, 33, 18.78, 18.78, 6739.51, 1.28, 0.67, 0.61, 4.09, 4.0
202697, Iman Shumpert, 1610612739, CLE, 62, 34, 28, 24.91, 24.91, 9484.87, 1.8, 0.97, 0.83, 4.34, 4.07
203477, Isaiah Canaan, 1610612755, PHI, 46, 23, 23, 19.82, 19.82, 7500.46, 1.42, 0.76, 0.66, 4.31, 4.03
202738, Isaiah Thomas, 1610612738, BOS, 67, 40, 27, 25.76, 25.76, 9160.85, 1.74, 0.92, 0.81, 4.04, 3.64
202397, Ish Smith, 1610612755, PHI, 55, 24, 31, 15.12, 15.12, 6032.75, 1.14, 0.63, 0.51, 4.54, 4.09
200826, J.J. Barea, 1610612742, DAL, 77, 49, 28, 17.68, 17.68, 6946.21, 1.32, 0.71, 0.61, 4.46, 4.07
201581, JJ Hickson, 1610612743, DEN, 73, 26, 47, 19.33, 19.33, 7117.33, 1.35, 0.7, 0.65, 4.19, 3.91
200755, JJ Redick, 1610612746, LAC, 78, 55, 23, 30.89, 30.89, 12360.36, 2.34, 1.24, 1.1, 4.56, 4.13
2747, JR Smith, 1610612739, CLE, 70, 38, 32, 29.71, 29.71, 10602.34, 2.01, 1.1, 0.91, 4.07, 3.79
203960, JaKarr Sampson, 1610612755, PHI, 74, 17, 57, 15.29, 15.29, 6117.81, 1.16, 0.61, 0.54, 4.56, 4.26
203210, JaMychal Green, 1610612763, MEM, 24, 10, 14, 6.83, 6.83, 2571.63, 0.49, 0.25, 0.24, 4.26, 4.01
201580, JaVale McGee, 1610612743, DEN, 23, 8, 15, 11.13, 11.13, 3840.13, 0.73, 0.38, 0.35, 3.92, 3.64
203913, Jabari Brown, 1610612747, LAL, 19, 4, 15, 29.91, 29.91, 10649.26, 2.02, 1.12, 0.89, 4.04, 3.77
203953, Jabari Parker, 1610612749, MIL, 25, 13, 12, 29.54, 29.54, 11373.04, 2.15, 1.1, 1.06, 4.35, 4.1
204022, Jack Cooley, 1610612762, UTA, 16, 10, 6, 5.45, 5.45, 2066.5, 0.39, 0.21, 0.18, 4.35, 4.2
203109, Jae Crowder, 1610612738, BOS, 82, 47, 35, 20.08, 20.08, 7490.41, 1.42, 0.73, 0.68, 4.25, 4.0
203479, Jamaal Franklin, 1610612743, DEN, 3, 1, 2, 4.39, 4.39, 1787.33, 0.34, 0.19, 0.15, 4.37, 3.74
2037, Jamal Crawford, 1610612746, LAC, 64, 44, 20, 26.61, 26.61, 9114.86, 1.73, 0.9, 0.83, 3.9, 3.69
2749, Jameer Nelson, 1610612743, DEN, 63, 25, 38, 22.32, 22.32, 8133.67, 1.54, 0.8, 0.74, 4.15, 3.83
203516, James Ennis III, 1610612748, MIA, 62, 27, 35, 16.96, 16.96, 6604.55, 1.25, 0.67, 0.58, 4.43, 4.19
201935, James Harden, 1610612745, HOU, 80, 55, 25, 36.76, 36.76, 12212.24, 2.31, 1.21, 1.1, 3.78, 3.55
201949, James Johnson, 1610612761, TOR, 70, 40, 30, 19.57, 19.57, 7132.03, 1.35, 0.7, 0.65, 4.15, 4.01
2592, James Jones, 1610612739, CLE, 56, 35, 21, 11.88, 11.88, 4355.63, 0.82, 0.46, 0.37, 4.17, 3.9
203949, James Michael McAdoo, 1610612744, GSW, 15, 11, 4, 9.14, 9.14, 3649.67, 0.69, 0.37, 0.32, 4.49, 4.01
203923, James Young, 1610612738, BOS, 31, 14, 17, 10.71, 10.71, 4088.26, 0.77, 0.4, 0.37, 4.39, 4.15
2457, Jannero Pargo, 1610612766, CHA, 9, 2, 7, 8.13, 8.13, 3002.78, 0.57, 0.3, 0.27, 4.17, 3.69
203099, Jared Cunningham, 1610612746, LAC, 19, 12, 7, 4.68, 4.68, 1837.16, 0.35, 0.17, 0.18, 4.45, 4.52
201162, Jared Dudley, 1610612749, MIL, 71, 38, 33, 23.86, 23.86, 8608.72, 1.63, 0.84, 0.79, 4.12, 3.82
203096, Jared Sullinger, 1610612738, BOS, 58, 26, 32, 27.01, 27.01, 9420.47, 1.78, 0.94, 0.85, 3.97, 3.65
203950, Jarnell Stokes, 1610612763, MEM, 19, 12, 7, 6.64, 6.64, 2512.05, 0.48, 0.24, 0.23, 4.27, 4.09
101127, Jarrett Jack, 1610612751, BKN, 80, 36, 44, 28.01, 28.01, 10098.03, 1.91, 1.04, 0.87, 4.1, 3.76
101131, Jason Maxiell, 1610612766, CHA, 61, 22, 39, 14.39, 14.39, 5177.64, 0.98, 0.54, 0.44, 4.09, 3.79
2202, Jason Richardson, 1610612755, PHI, 19, 4, 15, 21.92, 21.92, 8133.47, 1.54, 0.81, 0.73, 4.24, 4.03
201160, Jason Smith, 1610612752, NYK, 81, 17, 64, 21.86, 21.86, 8188.01, 1.55, 0.85, 0.7, 4.26, 3.99
1891, Jason Terry, 1610612745, HOU, 76, 52, 24, 21.29, 21.29, 8042.97, 1.52, 0.81, 0.71, 4.3, 3.98
201574, Jason Thompson, 1610612758, SAC, 81, 29, 52, 24.58, 24.58, 8958.31, 1.7, 0.9, 0.79, 4.15, 3.87
202399, Jeff Adrien, 1610612745, HOU, 17, 1, 16, 12.67, 12.67, 4274.06, 0.81, 0.42, 0.38, 3.84, 3.66
201965, Jeff Ayres, 1610612759, SAS, 51, 33, 18, 7.51, 7.51, 2798.16, 0.53, 0.3, 0.23, 4.23, 3.98
201145, Jeff Green, 1610612763, MEM, 78, 41, 37, 31.47, 31.47, 11149.77, 2.11, 1.12, 0.99, 4.04, 3.75
201952, Jeff Teague, 1610612737, ATL, 73, 53, 20, 30.52, 30.52, 10565.14, 2.0, 1.09, 0.91, 3.95, 3.54
203481, Jeff Withey, 1610612740, NOP, 37, 17, 20, 6.99, 6.99, 2638.32, 0.5, 0.28, 0.22, 4.28, 3.93
203106, Jeffery Taylor, 1610612766, CHA, 29, 11, 18, 14.84, 14.84, 5693.14, 1.08, 0.57, 0.51, 4.37, 4.16
203924, Jerami Grant, 1610612755, PHI, 65, 18, 47, 21.18, 21.18, 8275.11, 1.57, 0.85, 0.72, 4.45, 4.09
202077, Jerel McNeal, 1610612756, PHX, 6, 1, 5, 6.06, 6.06, 2279.83, 0.43, 0.23, 0.2, 4.29, 3.9
202379, Jeremy Evans, 1610612762, UTA, 38, 19, 19, 6.99, 6.99, 2657.87, 0.5, 0.27, 0.23, 4.33, 4.03
203087, Jeremy Lamb, 1610612760, OKC, 47, 27, 20, 13.46, 13.46, 4854.81, 0.92, 0.49, 0.43, 4.1, 3.86
202391, Jeremy Lin, 1610612747, LAL, 74, 19, 55, 25.77, 25.77, 9582.14, 1.81, 0.98, 0.83, 4.23, 3.94
202366, Jerome Jordan, 1610612751, BKN, 44, 17, 27, 8.7, 8.7, 3095.5, 0.59, 0.3, 0.28, 4.06, 3.85
203968, Jerrelle Benimon, 1610612743, DEN, 2, 2, 0, 1.37, 1.37, 428.0, 0.08, 0.04, 0.04, 4.41, 4.91
201573, Jerryd Bayless, 1610612749, MIL, 76, 38, 38, 22.37, 22.37, 8243.61, 1.56, 0.83, 0.73, 4.19, 3.81
202690, Jimmer Fredette, 1610612740, NOP, 50, 27, 23, 10.18, 10.18, 3961.46, 0.75, 0.43, 0.32, 4.42, 3.96
202710, Jimmy Butler, 1610612741, CHI, 65, 40, 25, 38.67, 38.67, 14622.35, 2.77, 1.49, 1.28, 4.31, 4.07
201149, Joakim Noah, 1610612741, CHI, 67, 39, 28, 30.58, 30.58, 10977.3, 2.08, 1.13, 0.95, 4.09, 3.82
201975, Jodie Meeks, 1610612765, DET, 60, 29, 31, 24.37, 24.37, 9511.93, 1.8, 0.99, 0.82, 4.44, 4.02
203925, Joe Harris, 1610612739, CLE, 51, 32, 19, 9.67, 9.67, 3738.02, 0.71, 0.39, 0.32, 4.39, 4.07
204060, Joe Ingles, 1610612762, UTA, 79, 36, 43, 21.17, 21.17, 7959.78, 1.51, 0.83, 0.67, 4.28, 4.01
2207, Joe Johnson, 1610612751, BKN, 80, 38, 42, 34.89, 34.89, 12500.89, 2.37, 1.3, 1.07, 4.07, 3.7
201202, Joel Anthony, 1610612765, DET, 49, 25, 24, 8.29, 8.29, 3157.82, 0.6, 0.32, 0.28, 4.33, 4.09
200777, Joel Freeland, 1610612757, POR, 48, 34, 14, 12.85, 12.85, 4713.56, 0.89, 0.47, 0.42, 4.18, 3.92
201595, Joey Dorsey, 1610612745, HOU, 68, 47, 21, 12.52, 12.52, 4590.0, 0.87, 0.46, 0.41, 4.18, 3.88
203530, Joffrey Lauvergne, 1610612743, DEN, 24, 9, 15, 11.16, 11.16, 4108.54, 0.78, 0.42, 0.36, 4.19, 3.94
203089, John Henson, 1610612749, MIL, 66, 34, 32, 18.34, 18.34, 6655.91, 1.26, 0.63, 0.63, 4.13, 3.95
203098, John Jenkins, 1610612737, ATL, 24, 13, 11, 12.38, 12.38, 4689.17, 0.89, 0.46, 0.43, 4.31, 4.05
101249, John Lucas III, 1610612765, DET, 21, 8, 13, 12.94, 12.94, 5152.29, 0.98, 0.53, 0.44, 4.54, 4.19
2422, John Salmons, 1610612740, NOP, 21, 9, 12, 12.84, 12.84, 4610.76, 0.87, 0.48, 0.39, 4.07, 3.88
202322, John Wall, 1610612764, WAS, 79, 45, 34, 35.91, 35.91, 12754.34, 2.42, 1.28, 1.13, 4.03, 3.69
203948, Johnny O'Bryant III, 1610612749, MIL, 33, 16, 17, 10.83, 10.83, 4026.73, 0.76, 0.39, 0.37, 4.29, 4.13
202720, Jon Leuer, 1610612763, MEM, 63, 45, 18, 13.08, 13.08, 5110.29, 0.97, 0.52, 0.45, 4.46, 4.11
201973, Jonas Jerebko, 1610612738, BOS, 75, 37, 38, 16.4, 16.4, 6301.37, 1.19, 0.65, 0.55, 4.38, 4.02
202685, Jonas Valanciunas, 1610612761, TOR, 80, 47, 33, 26.2, 26.2, 9314.65, 1.76, 0.94, 0.82, 4.05, 3.91
203919, Jordan Adams, 1610612763, MEM, 30, 14, 16, 8.28, 8.28, 3187.4, 0.6, 0.31, 0.29, 4.37, 3.99
203903, Jordan Clarkson, 1610612747, LAL, 59, 11, 48, 25.01, 25.01, 9702.95, 1.84, 1.02, 0.82, 4.41, 4.11
200770, Jordan Farmar, 1610612746, LAC, 36, 23, 13, 14.71, 14.71, 5568.14, 1.05, 0.57, 0.49, 4.32, 4.0
202706, Jordan Hamilton, 1610612746, LAC, 14, 10, 4, 8.72, 8.72, 3341.43, 0.63, 0.32, 0.31, 4.38, 4.24
201941, Jordan Hill, 1610612747, LAL, 70, 19, 51, 26.78, 26.78, 9404.09, 1.78, 0.96, 0.82, 3.99, 3.84
203268, Jorge Gutierrez, 1610612749, MIL, 20, 10, 10, 8.72, 8.72, 3526.1, 0.67, 0.34, 0.32, 4.61, 4.32
101181, Jose Calderon, 1610612752, NYK, 41, 7, 34, 30.07, 30.07, 11352.32, 2.15, 1.24, 0.91, 4.31, 3.82
201177, Josh McRoberts, 1610612748, MIA, 17, 8, 9, 17.41, 17.41, 6471.18, 1.23, 0.68, 0.55, 4.19, 3.77
2746, Josh Smith, 1610612745, HOU, 83, 41, 42, 27.72, 27.72, 9249.61, 1.75, 0.92, 0.83, 3.8, 3.59
201950, Jrue Holiday, 1610612740, NOP, 40, 20, 20, 32.57, 32.57, 12354.13, 2.34, 1.28, 1.06, 4.31, 3.85
203944, Julius Randle, 1610612747, LAL, 1, 0, 1, 13.57, 13.57, 4552.0, 0.86, 0.44, 0.42, 3.99, 3.68
203120, Justin Hamilton, 1610612750, MIN, 41, 6, 35, 17.38, 17.38, 6580.66, 1.25, 0.65, 0.59, 4.3, 4.0
203200, Justin Holiday, 1610612744, GSW, 59, 49, 10, 11.14, 11.14, 4338.2, 0.82, 0.43, 0.39, 4.35, 3.96
203994, Jusuf Nurkic, 1610612743, DEN, 62, 21, 41, 17.79, 17.79, 6447.82, 1.22, 0.64, 0.58, 4.12, 3.84
203909, KJ McDaniels, 1610612745, HOU, 62, 19, 43, 21.8, 21.8, 8196.73, 1.55, 0.8, 0.75, 4.27, 4.04
203564, Kalin Lucas, 1610612763, MEM, 1, 0, 1, 5.53, 5.53, 2137.0, 0.4, 0.23, 0.18, 4.33, 4.69
202695, Kawhi Leonard, 1610612759, SAS, 64, 46, 18, 31.76, 31.76, 12350.33, 2.34, 1.27, 1.07, 4.43, 4.07
203482, Kelly Olynyk, 1610612738, BOS, 64, 31, 33, 22.24, 22.24, 8348.09, 1.58, 0.85, 0.73, 4.29, 3.77
202689, Kemba Walker, 1610612766, CHA, 62, 21, 41, 34.17, 34.17, 12746.44, 2.41, 1.39, 1.02, 4.24, 3.69
203088, Kendall Marshall, 1610612749, MIL, 27, 12, 15, 15.33, 15.33, 5678.44, 1.08, 0.56, 0.52, 4.21, 3.84
2570, Kendrick Perkins, 1610612739, CLE, 68, 38, 30, 16.89, 16.89, 5806.28, 1.1, 0.58, 0.52, 3.92, 3.72
202702, Kenneth Faried, 1610612743, DEN, 75, 30, 45, 27.81, 27.81, 10270.43, 1.95, 1.01, 0.94, 4.21, 3.95
203145, Kent Bazemore, 1610612737, ATL, 75, 53, 22, 17.65, 17.65, 6920.96, 1.31, 0.67, 0.64, 4.47, 4.28
203484, Kentavious Caldwell-Pope, 1610612765, DET, 82, 32, 50, 31.55, 31.55, 12001.89, 2.27, 1.24, 1.03, 4.33, 4.0
2030, Kenyon Martin, 1610612749, MIL, 10, 6, 4, 10.21, 10.21, 3484.0, 0.66, 0.34, 0.32, 3.89, 3.8
201142, Kevin Durant, 1610612760, OKC, 27, 18, 9, 33.8, 33.8, 11434.56, 2.17, 1.14, 1.02, 3.85, 3.51
708, Kevin Garnett, 1610612750, MIN, 47, 20, 27, 20.27, 20.27, 7318.09, 1.39, 0.74, 0.64, 4.11, 3.79
201567, Kevin Love, 1610612739, CLE, 74, 50, 24, 33.69, 33.69, 11574.3, 2.19, 1.17, 1.02, 3.91, 3.73
2755, Kevin Martin, 1610612750, MIN, 38, 11, 27, 33.7, 33.7, 12197.76, 2.31, 1.22, 1.09, 4.12, 3.86
202338, Kevin Seraphin, 1610612764, WAS, 79, 45, 34, 15.63, 15.63, 5739.11, 1.09, 0.58, 0.51, 4.18, 3.94
203114, Khris Middleton, 1610612749, MIL, 78, 39, 39, 30.06, 30.06, 11227.12, 2.13, 1.09, 1.04, 4.25, 3.94
2550, Kirk Hinrich, 1610612741, CHI, 66, 37, 29, 24.39, 24.39, 9730.92, 1.84, 1.0, 0.84, 4.54, 4.23
202691, Klay Thompson, 1610612744, GSW, 77, 64, 13, 31.88, 31.88, 12322.82, 2.33, 1.21, 1.13, 4.33, 3.85
977, Kobe Bryant, 1610612747, LAL, 35, 10, 25, 34.48, 34.48, 11745.69, 2.22, 1.21, 1.01, 3.88, 3.66
201585, Kosta Koufos, 1610612763, MEM, 81, 55, 26, 16.65, 16.65, 6141.95, 1.16, 0.62, 0.55, 4.2, 3.9
203123, Kostas Papanikolaou, 1610612745, HOU, 42, 28, 14, 18.37, 18.37, 7431.88, 1.41, 0.77, 0.64, 4.6, 4.18
2743, Kris Humphries, 1610612764, WAS, 64, 37, 27, 21.01, 21.01, 7743.39, 1.47, 0.78, 0.69, 4.2, 3.94
203937, Kyle Anderson, 1610612759, SAS, 33, 22, 11, 10.85, 10.85, 4235.7, 0.8, 0.45, 0.35, 4.45, 4.08
2594, Kyle Korver, 1610612737, ATL, 75, 58, 17, 32.24, 32.24, 12430.61, 2.35, 1.25, 1.1, 4.39, 4.01
200768, Kyle Lowry, 1610612761, TOR, 70, 43, 27, 34.49, 34.49, 12054.57, 2.28, 1.24, 1.05, 3.97, 3.72
203124, Kyle O'Quinn, 1610612753, ORL, 51, 15, 36, 16.15, 16.15, 5627.67, 1.07, 0.57, 0.5, 3.97, 3.73
202713, Kyle Singler, 1610612760, OKC, 80, 36, 44, 21.8, 21.8, 8908.66, 1.69, 0.93, 0.76, 4.66, 4.16
202681, Kyrie Irving, 1610612739, CLE, 74, 52, 22, 36.32, 36.32, 12703.76, 2.41, 1.28, 1.13, 3.98, 3.78
200746, LaMarcus Aldridge, 1610612757, POR, 71, 48, 23, 35.37, 35.37, 11947.49, 2.26, 1.21, 1.06, 3.84, 3.67
202362, Lance Stephenson, 1610612766, CHA, 61, 23, 38, 25.79, 25.79, 9105.74, 1.72, 0.95, 0.77, 4.02, 3.71
202498, Lance Thomas, 1610612752, NYK, 61, 20, 41, 24.15, 24.15, 9208.44, 1.74, 0.94, 0.8, 4.35, 4.2
202361, Landry Fields, 1610612761, TOR, 26, 16, 10, 8.33, 8.33, 3398.73, 0.64, 0.35, 0.29, 4.57, 4.45
204038, Langston Galloway, 1610612752, NYK, 44, 12, 32, 32.48, 32.48, 12405.82, 2.35, 1.31, 1.04, 4.36, 4.0
203580, Larry Drew II, 1610612755, PHI, 12, 4, 8, 18.26, 18.26, 7149.42, 1.35, 0.74, 0.62, 4.44, 4.1
202336, Larry Sanders, 1610612749, MIL, 27, 12, 15, 21.69, 21.69, 7782.0, 1.47, 0.75, 0.72, 4.06, 3.81
202730, Lavoy Allen, 1610612754, IND, 63, 29, 34, 16.98, 16.98, 6024.56, 1.14, 0.61, 0.53, 4.06, 3.92
2544, LeBron James, 1610612739, CLE, 68, 50, 18, 36.08, 36.08, 12186.37, 2.31, 1.24, 1.07, 3.84, 3.6
2571, Leandro Barbosa, 1610612744, GSW, 66, 54, 12, 14.88, 14.88, 5734.79, 1.09, 0.59, 0.5, 4.32, 3.84
201991, Lester Hudson, 1610612746, LAC, 5, 5, 0, 11.11, 11.11, 4226.2, 0.8, 0.43, 0.38, 4.32, 4.4
203485, Lorenzo Brown, 1610612750, MIN, 29, 6, 23, 18.92, 18.92, 7330.93, 1.39, 0.71, 0.68, 4.39, 4.09
200811, Lou Amundson, 1610612752, NYK, 52, 17, 35, 17.7, 17.7, 6694.15, 1.27, 0.71, 0.56, 4.32, 3.95
101150, Lou Williams, 1610612761, TOR, 80, 48, 32, 25.19, 25.19, 8687.01, 1.65, 0.9, 0.75, 3.92, 3.64
201601, Luc Mbah a Moute, 1610612755, PHI, 67, 16, 51, 28.6, 28.6, 10435.87, 1.98, 1.09, 0.89, 4.15, 3.74
203512, Lucas Nogueira, 1610612761, TOR, 6, 3, 3, 3.84, 3.84, 1554.5, 0.29, 0.17, 0.13, 4.68, 4.63
2449, Luis Scola, 1610612754, IND, 81, 37, 44, 20.48, 20.48, 7779.65, 1.47, 0.8, 0.67, 4.33, 4.08
202337, Luke Babbitt, 1610612740, NOP, 63, 34, 29, 13.17, 13.17, 5229.95, 0.99, 0.55, 0.44, 4.53, 4.1
2557, Luke Ridnour, 1610612753, ORL, 47, 13, 34, 14.53, 14.53, 5707.7, 1.08, 0.59, 0.49, 4.48, 3.98
2736, Luol Deng, 1610612748, MIA, 71, 32, 39, 33.53, 33.53, 12514.56, 2.37, 1.27, 1.1, 4.25, 4.03
202723, Malcolm Lee, 1610612755, PHI, 1, 0, 1, 2.02, 2.02, 767.0, 0.15, 0.05, 0.09, 2.97, 4.47
202952, Malcolm Thomas, 1610612755, PHI, 17, 2, 15, 11.43, 11.43, 4392.71, 0.83, 0.46, 0.37, 4.36, 4.0
1938, Manu Ginobili, 1610612759, SAS, 70, 47, 23, 22.67, 22.67, 8304.86, 1.57, 0.86, 0.71, 4.17, 3.77
201188, Marc Gasol, 1610612763, MEM, 81, 55, 26, 33.17, 33.17, 10902.2, 2.06, 1.11, 0.95, 3.74, 3.56
101162, Marcin Gortat, 1610612764, WAS, 82, 46, 36, 29.91, 29.91, 10960.65, 2.08, 1.09, 0.98, 4.16, 3.82
201158, Marco Belinelli, 1610612759, SAS, 62, 41, 21, 22.39, 22.39, 8777.61, 1.66, 0.93, 0.73, 4.46, 3.93
202694, Marcus Morris, 1610612756, PHX, 81, 39, 42, 25.25, 25.25, 9096.11, 1.72, 0.88, 0.84, 4.09, 3.89
203935, Marcus Smart, 1610612738, BOS, 67, 35, 32, 26.99, 26.99, 9995.51, 1.89, 0.97, 0.92, 4.22, 3.92
201977, Marcus Thornton, 1610612756, PHX, 48, 19, 29, 15.01, 15.01, 5443.73, 1.03, 0.54, 0.49, 4.14, 3.92
201596, Mario Chalmers, 1610612748, MIA, 79, 35, 44, 29.59, 29.59, 10609.16, 2.01, 1.12, 0.89, 4.08, 3.72
203900, Markel Brown, 1610612751, BKN, 47, 23, 24, 16.63, 16.63, 6220.34, 1.18, 0.61, 0.57, 4.26, 4.05
202693, Markieff Morris, 1610612756, PHX, 82, 39, 43, 31.47, 31.47, 10308.63, 1.95, 1.0, 0.95, 3.73, 3.54
201578, Marreese Speights, 1610612744, GSW, 76, 62, 14, 15.88, 15.88, 5469.83, 1.04, 0.53, 0.51, 3.86, 3.56
101110, Martell Webster, 1610612764, WAS, 32, 12, 20, 10.99, 10.99, 4113.19, 0.78, 0.42, 0.35, 4.24, 3.92
101107, Marvin Williams, 1610612766, CHA, 78, 32, 46, 26.09, 26.09, 9522.41, 1.8, 1.03, 0.77, 4.16, 3.69
203486, Mason Plumlee, 1610612751, BKN, 82, 38, 44, 21.25, 21.25, 8141.91, 1.54, 0.81, 0.73, 4.36, 4.16
2440, Matt Barnes, 1610612746, LAC, 76, 51, 25, 29.88, 29.88, 11589.53, 2.19, 1.13, 1.06, 4.42, 4.1
2588, Matt Bonner, 1610612759, SAS, 72, 49, 23, 12.99, 12.99, 5094.88, 0.96, 0.55, 0.41, 4.46, 3.95
203521, Matthew Dellavedova, 1610612739, CLE, 66, 43, 23, 20.68, 20.68, 7716.8, 1.46, 0.8, 0.66, 4.25, 3.98
203090, Maurice Harkless, 1610612753, ORL, 45, 9, 36, 14.98, 14.98, 5755.22, 1.09, 0.56, 0.53, 4.38, 4.14
203086, Meyers Leonard, 1610612757, POR, 55, 32, 23, 15.39, 15.39, 5427.44, 1.03, 0.55, 0.48, 4.01, 3.81
201563, Michael Beasley, 1610612748, MIA, 24, 11, 13, 21.03, 21.03, 7564.67, 1.43, 0.75, 0.68, 4.1, 3.83
203487, Michael Carter-Williams, 1610612749, MIL, 66, 21, 45, 32.57, 32.57, 12619.11, 2.39, 1.3, 1.09, 4.41, 3.95
203077, Michael Kidd-Gilchrist, 1610612766, CHA, 55, 27, 28, 28.86, 28.86, 11291.29, 2.14, 1.13, 1.01, 4.46, 4.26
201144, Mike Conley, 1610612763, MEM, 70, 47, 23, 31.78, 31.78, 11834.5, 2.24, 1.23, 1.01, 4.24, 3.91
2399, Mike Dunleavy, 1610612741, CHI, 63, 41, 22, 29.17, 29.17, 11632.78, 2.2, 1.24, 0.96, 4.55, 4.03
2034, Mike Miller, 1610612739, CLE, 51, 31, 20, 13.24, 13.24, 4793.49, 0.91, 0.49, 0.42, 4.12, 3.91
203488, Mike Muscala, 1610612737, ATL, 40, 26, 14, 12.55, 12.55, 4921.3, 0.93, 0.5, 0.44, 4.47, 4.13
203118, Mike Scott, 1610612737, ATL, 68, 52, 16, 16.51, 16.51, 6247.84, 1.18, 0.63, 0.55, 4.32, 3.89
203101, Miles Plumlee, 1610612749, MIL, 73, 34, 39, 16.36, 16.36, 6056.18, 1.15, 0.61, 0.54, 4.21, 3.84
203545, Miroslav Raduljica, 1610612750, MIN, 5, 0, 5, 4.55, 4.55, 1578.6, 0.3, 0.15, 0.15, 3.96, 4.21
203141, Mirza Teletovic, 1610612751, BKN, 40, 16, 24, 22.31, 22.31, 8273.53, 1.57, 0.86, 0.71, 4.21, 3.8
203956, Mitch McGary, 1610612760, OKC, 32, 20, 12, 15.15, 15.15, 6023.75, 1.14, 0.61, 0.53, 4.53, 4.18
2590, Mo Williams, 1610612766, CHA, 67, 20, 47, 29.35, 29.35, 10442.93, 1.98, 1.09, 0.89, 4.05, 3.69
101145, Monta Ellis, 1610612742, DAL, 80, 50, 30, 33.74, 33.74, 12297.95, 2.33, 1.23, 1.1, 4.14, 3.83
101126, Nate Robinson, 1610612743, DEN, 42, 22, 20, 14.07, 14.07, 5263.5, 1.0, 0.5, 0.49, 4.27, 4.03
203489, Nate Wolters, 1610612749, MIL, 21, 14, 7, 11.75, 11.75, 4522.38, 0.86, 0.45, 0.4, 4.4, 4.08
1737, Nazr Mohammed, 1610612741, CHI, 23, 13, 10, 5.57, 5.57, 1886.78, 0.36, 0.19, 0.17, 3.88, 3.65
2403, Nene, 1610612764, WAS, 67, 37, 30, 25.28, 25.28, 8688.76, 1.65, 0.85, 0.8, 3.9, 3.72
203457, Nerlens Noel, 1610612755, PHI, 75, 18, 57, 30.82, 30.82, 11275.81, 2.14, 1.11, 1.02, 4.17, 3.97
201979, Nick Calathes, 1610612763, MEM, 58, 36, 22, 14.45, 14.45, 5648.16, 1.07, 0.57, 0.5, 4.45, 4.0
2555, Nick Collison, 1610612760, OKC, 66, 38, 28, 16.68, 16.68, 6399.33, 1.21, 0.66, 0.55, 4.38, 3.98
203910, Nick Johnson, 1610612745, HOU, 27, 17, 10, 9.57, 9.57, 3823.15, 0.72, 0.37, 0.35, 4.54, 4.32
201156, Nick Young, 1610612747, LAL, 42, 12, 30, 23.81, 23.81, 8221.74, 1.56, 0.84, 0.72, 3.93, 3.67
201587, Nicolas Batum, 1610612757, POR, 71, 43, 28, 33.52, 33.52, 12947.77, 2.45, 1.36, 1.09, 4.4, 3.99
203917, Nik Stauskas, 1610612758, SAC, 73, 26, 47, 15.43, 15.43, 5871.96, 1.11, 0.62, 0.5, 4.33, 3.93
202703, Nikola Mirotic, 1610612741, CHI, 82, 50, 32, 20.17, 20.17, 7376.99, 1.4, 0.75, 0.65, 4.18, 3.88
201593, Nikola Pekovic, 1610612750, MIN, 30, 9, 21, 26.23, 26.23, 8727.87, 1.65, 0.82, 0.83, 3.79, 3.83
202696, Nikola Vucevic, 1610612753, ORL, 74, 21, 53, 34.17, 34.17, 11597.84, 2.2, 1.14, 1.05, 3.87, 3.65
203943, Noah Vonleh, 1610612766, CHA, 25, 8, 17, 10.34, 10.34, 4083.04, 0.77, 0.43, 0.34, 4.48, 4.04
202708, Norris Cole, 1610612740, NOP, 74, 36, 38, 24.29, 24.29, 9193.93, 1.74, 0.97, 0.77, 4.31, 3.91
201564, O.J. Mayo, 1610612749, MIL, 70, 38, 32, 23.9, 23.9, 8730.01, 1.65, 0.85, 0.81, 4.15, 3.86
203136, Ognjen Kuzmic, 1610612744, GSW, 16, 13, 3, 4.48, 4.48, 1617.0, 0.31, 0.16, 0.14, 4.06, 3.83
201600, Omer Asik, 1610612740, NOP, 76, 43, 33, 26.08, 26.08, 8839.16, 1.67, 0.91, 0.76, 3.86, 3.63
201956, Omri Casspi, 1610612758, SAC, 67, 23, 44, 21.14, 21.14, 8075.87, 1.53, 0.83, 0.7, 4.34, 4.0
203490, Otto Porter Jr., 1610612764, WAS, 74, 41, 33, 19.35, 19.35, 7573.76, 1.43, 0.76, 0.67, 4.44, 4.14
203798, PJ Hairston, 1610612766, CHA, 45, 19, 26, 15.27, 15.27, 5783.87, 1.1, 0.6, 0.5, 4.32, 4.03
200782, PJ Tucker, 1610612756, PHX, 78, 36, 42, 30.56, 30.56, 10681.99, 2.02, 1.03, 0.99, 3.97, 3.83
203143, Pablo Prigioni, 1610612745, HOU, 66, 25, 41, 18.06, 18.06, 7299.56, 1.38, 0.75, 0.63, 4.6, 4.27
201976, Patrick Beverley, 1610612745, HOU, 56, 35, 21, 30.83, 30.83, 12244.36, 2.32, 1.24, 1.08, 4.52, 4.18
203565, Patrick Christopher, 1610612763, MEM, 4, 2, 2, 7.18, 7.18, 2769.75, 0.52, 0.27, 0.25, 4.41, 4.07
202335, Patrick Patterson, 1610612761, TOR, 81, 49, 32, 26.62, 26.62, 9493.84, 1.8, 0.95, 0.85, 4.06, 3.89
201988, Patty Mills, 1610612759, SAS, 51, 37, 14, 15.71, 15.71, 6653.55, 1.26, 0.69, 0.57, 4.83, 4.37
2200, Pau Gasol, 1610612741, CHI, 78, 48, 30, 34.37, 34.37, 11622.78, 2.2, 1.19, 1.01, 3.85, 3.6
202331, Paul George, 1610612754, IND, 6, 5, 1, 15.15, 15.15, 5475.0, 1.04, 0.55, 0.49, 4.1, 3.85
200794, Paul Millsap, 1610612737, ATL, 73, 55, 18, 32.73, 32.73, 11831.45, 2.24, 1.2, 1.04, 4.12, 3.82
1718, Paul Pierce, 1610612764, WAS, 73, 40, 33, 26.21, 26.21, 8819.19, 1.67, 0.88, 0.79, 3.83, 3.53
203544, Pero Antic, 1610612737, ATL, 63, 46, 17, 16.46, 16.46, 5827.63, 1.1, 0.59, 0.52, 4.03, 3.74
203103, Perry Jones III, 1610612760, OKC, 43, 23, 20, 14.68, 14.68, 5432.35, 1.03, 0.55, 0.48, 4.2, 3.93
203515, Phil Pressey, 1610612738, BOS, 50, 22, 28, 12.0, 12.0, 4684.96, 0.89, 0.46, 0.43, 4.45, 4.15
203112, Quincy Acy, 1610612752, NYK, 67, 12, 55, 19.15, 19.15, 7076.4, 1.34, 0.72, 0.62, 4.22, 4.03
203113, Quincy Miller, 1610612765, DET, 10, 2, 8, 11.97, 11.97, 4755.3, 0.9, 0.48, 0.42, 4.47, 4.15
202347, Quincy Pondexter, 1610612740, NOP, 75, 48, 27, 23.91, 23.91, 8893.45, 1.68, 0.91, 0.77, 4.23, 4.03
200765, Rajon Rondo, 1610612742, DAL, 68, 34, 34, 29.69, 29.69, 11034.34, 2.09, 1.09, 1.0, 4.23, 3.93
201196, Ramon Sessions, 1610612764, WAS, 64, 26, 38, 18.56, 18.56, 6875.47, 1.3, 0.72, 0.58, 4.21, 3.84
200751, Randy Foye, 1610612743, DEN, 50, 15, 35, 21.73, 21.73, 7869.44, 1.49, 0.77, 0.72, 4.12, 3.85
2446, Rasual Butler, 1610612764, WAS, 75, 39, 36, 20.06, 20.06, 7555.56, 1.43, 0.78, 0.66, 4.29, 4.0
203492, Ray McCallum, 1610612758, SAC, 68, 22, 46, 21.11, 21.11, 8561.97, 1.62, 0.91, 0.71, 4.62, 4.07
101109, Raymond Felton, 1610612742, DAL, 29, 14, 15, 9.7, 9.7, 3515.76, 0.67, 0.35, 0.32, 4.12, 3.78
203493, Reggie Bullock, 1610612756, PHX, 36, 19, 17, 9.39, 9.39, 3576.03, 0.68, 0.35, 0.33, 4.35, 4.17
2501, Reggie Evans, 1610612758, SAC, 47, 16, 31, 16.25, 16.25, 5774.55, 1.09, 0.59, 0.5, 4.04, 3.89
202704, Reggie Jackson, 1610612765, DET, 77, 37, 40, 29.46, 29.46, 10564.86, 2.0, 1.08, 0.92, 4.08, 3.71
202130, Reggie Williams, 1610612759, SAS, 20, 15, 5, 5.25, 5.25, 2048.85, 0.39, 0.22, 0.17, 4.44, 4.08
2210, Richard Jefferson, 1610612742, DAL, 74, 46, 28, 16.81, 16.81, 6175.86, 1.17, 0.6, 0.57, 4.17, 4.03
203495, Ricky Ledo, 1610612752, NYK, 17, 4, 13, 14.36, 14.36, 5471.29, 1.04, 0.56, 0.47, 4.34, 4.07
201937, Ricky Rubio, 1610612750, MIN, 22, 7, 15, 31.46, 31.46, 11583.77, 2.19, 1.17, 1.02, 4.19, 3.83
203133, Robbie Hummel, 1610612750, MIN, 44, 5, 39, 16.67, 16.67, 6659.84, 1.26, 0.69, 0.57, 4.55, 4.06
203496, Robert Covington, 1610612755, PHI, 70, 18, 52, 27.94, 27.94, 10347.9, 1.96, 1.04, 0.92, 4.22, 3.94
203135, Robert Sacre, 1610612747, LAL, 67, 19, 48, 16.92, 16.92, 5889.37, 1.12, 0.58, 0.53, 3.96, 3.84
201577, Robin Lopez, 1610612757, POR, 59, 38, 21, 27.76, 27.76, 9775.75, 1.85, 0.97, 0.88, 4.01, 3.89
203918, Rodney Hood, 1610612762, UTA, 50, 27, 23, 21.29, 21.29, 7915.62, 1.5, 0.83, 0.67, 4.23, 3.95
201155, Rodney Stuckey, 1610612754, IND, 71, 34, 37, 26.39, 26.39, 9442.77, 1.79, 0.97, 0.81, 4.08, 3.83
101179, Ronnie Price, 1610612747, LAL, 43, 13, 30, 22.84, 22.84, 9004.7, 1.71, 0.93, 0.77, 4.48, 4.12
101142, Ronny Turiaf, 1610612750, MIN, 1, 0, 1, 9.72, 9.72, 3130.0, 0.59, 0.29, 0.31, 3.73, 3.64
201579, Roy Hibbert, 1610612754, IND, 76, 34, 42, 25.35, 25.35, 8766.96, 1.66, 0.88, 0.78, 3.94, 3.85
200752, Rudy Gay, 1610612758, SAC, 68, 25, 43, 35.42, 35.42, 12690.15, 2.4, 1.27, 1.13, 4.07, 3.87
203497, Rudy Gobert, 1610612762, UTA, 82, 38, 44, 26.32, 26.32, 9755.18, 1.85, 1.02, 0.83, 4.22, 3.93
203893, Russ Smith, 1610612763, MEM, 12, 7, 5, 5.42, 5.42, 2202.83, 0.42, 0.22, 0.19, 4.57, 4.22
201566, Russell Westbrook, 1610612760, OKC, 67, 40, 27, 34.36, 34.36, 12429.27, 2.35, 1.27, 1.08, 4.13, 3.66
201583, Ryan Anderson, 1610612740, NOP, 61, 33, 28, 27.45, 27.45, 9603.97, 1.82, 1.02, 0.8, 3.98, 3.61
200797, Ryan Hollins, 1610612758, SAC, 46, 13, 33, 9.59, 9.59, 3486.87, 0.66, 0.34, 0.32, 4.14, 3.92
203527, Ryan Kelly, 1610612747, LAL, 52, 11, 41, 23.72, 23.72, 8432.79, 1.6, 0.88, 0.72, 4.05, 3.8
2223, Samuel Dalembert, 1610612752, NYK, 32, 5, 27, 16.99, 16.99, 6011.5, 1.14, 0.63, 0.51, 4.04, 3.8
203930, Sean Kilpatrick, 1610612750, MIN, 4, 2, 2, 17.88, 17.88, 6382.0, 1.21, 0.6, 0.61, 4.04, 3.82
2742, Sebastian Telfair, 1610612760, OKC, 16, 4, 12, 20.44, 20.44, 7290.94, 1.38, 0.78, 0.6, 4.08, 3.77
201586, Serge Ibaka, 1610612760, OKC, 64, 35, 29, 33.06, 33.06, 11729.81, 2.22, 1.18, 1.04, 4.04, 3.69
203508, Sergey Karasev, 1610612751, BKN, 33, 12, 21, 16.82, 16.82, 6364.79, 1.21, 0.63, 0.58, 4.33, 4.16
203552, Seth Curry, 1610612756, PHX, 2, 2, 0, 3.9, 3.9, 1508.0, 0.29, 0.17, 0.12, 4.62, 3.5
203498, Shabazz Muhammad, 1610612750, MIN, 37, 6, 31, 23.01, 23.01, 9103.89, 1.72, 0.9, 0.82, 4.5, 4.33
203894, Shabazz Napier, 1610612748, MIA, 51, 24, 27, 19.83, 19.83, 7318.12, 1.39, 0.77, 0.62, 4.2, 3.84
203499, Shane Larkin, 1610612752, NYK, 75, 16, 59, 24.6, 24.6, 9316.47, 1.76, 0.99, 0.78, 4.31, 3.93
200769, Shannon Brown, 1610612748, MIA, 5, 3, 2, 17.75, 17.75, 6897.6, 1.31, 0.71, 0.59, 4.39, 4.16
2733, Shaun Livingston, 1610612744, GSW, 78, 64, 14, 18.82, 18.82, 7269.22, 1.38, 0.76, 0.62, 4.33, 3.78
101183, Shavlik Randolph, 1610612756, PHX, 21, 11, 10, 6.01, 6.01, 2172.24, 0.41, 0.22, 0.19, 4.09, 3.95
1890, Shawn Marion, 1610612739, CLE, 56, 36, 20, 19.33, 19.33, 6994.21, 1.32, 0.7, 0.63, 4.12, 3.96
200761, Shawne Williams, 1610612765, DET, 62, 25, 37, 17.1, 17.1, 6526.23, 1.24, 0.67, 0.56, 4.35, 4.07
203963, Shayne Whittington, 1610612754, IND, 20, 9, 11, 5.41, 5.41, 2122.75, 0.4, 0.21, 0.19, 4.44, 4.04
202714, Shelvin Mack, 1610612737, ATL, 55, 37, 18, 15.14, 15.14, 6016.18, 1.14, 0.62, 0.52, 4.52, 4.05
204021, Sim Bhullar, 1610612758, SAC, 3, 1, 2, 0.89, 0.89, 230.33, 0.04, 0.02, 0.02, 2.23, 4.09
203524, Solomon Hill, 1610612754, IND, 82, 38, 44, 29.04, 29.04, 10550.34, 2.0, 1.08, 0.92, 4.14, 4.0
203915, Spencer Dinwiddie, 1610612765, DET, 34, 12, 22, 13.39, 13.39, 4954.44, 0.94, 0.52, 0.42, 4.19, 3.81
201150, Spencer Hawes, 1610612746, LAC, 73, 52, 21, 17.45, 17.45, 6329.71, 1.2, 0.62, 0.58, 4.13, 3.91
201939, Stephen Curry, 1610612744, GSW, 80, 67, 13, 32.67, 32.67, 12661.86, 2.4, 1.27, 1.12, 4.34, 3.73
2581, Steve Blake, 1610612757, POR, 81, 51, 30, 18.88, 18.88, 7344.14, 1.39, 0.78, 0.61, 4.44, 3.91
200779, Steve Novak, 1610612760, OKC, 35, 12, 23, 5.63, 5.63, 2126.71, 0.4, 0.23, 0.17, 4.29, 3.78
203500, Steven Adams, 1610612760, OKC, 70, 37, 33, 25.29, 25.29, 9219.04, 1.75, 0.91, 0.83, 4.17, 3.92
203933, T.J. Warren, 1610612756, PHX, 40, 17, 23, 15.35, 15.35, 5942.98, 1.13, 0.58, 0.54, 4.4, 4.24
201959, Taj Gibson, 1610612741, CHI, 62, 38, 24, 27.29, 27.29, 9531.06, 1.81, 0.95, 0.85, 3.98, 3.79
204028, Tarik Black, 1610612747, LAL, 62, 24, 38, 19.01, 19.01, 7043.21, 1.33, 0.72, 0.62, 4.21, 4.0
2419, Tayshaun Prince, 1610612765, DET, 58, 27, 31, 24.08, 24.08, 8735.98, 1.65, 0.9, 0.76, 4.12, 3.83
203093, Terrence Jones, 1610612745, HOU, 33, 24, 9, 26.95, 26.95, 9755.03, 1.85, 0.98, 0.87, 4.12, 3.78
203082, Terrence Ross, 1610612761, TOR, 82, 49, 33, 25.51, 25.51, 9728.44, 1.84, 0.99, 0.85, 4.34, 4.09
200757, Thabo Sefolosha, 1610612737, ATL, 52, 43, 9, 18.76, 18.76, 7062.17, 1.34, 0.7, 0.64, 4.3, 4.07
201152, Thaddeus Young, 1610612751, BKN, 75, 25, 50, 32.09, 32.09, 11704.88, 2.22, 1.19, 1.02, 4.15, 3.84
203080, Thomas Robinson, 1610612755, PHI, 54, 26, 28, 14.77, 14.77, 5594.17, 1.06, 0.57, 0.49, 4.32, 4.09
201168, Tiago Splitter, 1610612759, SAS, 52, 34, 18, 19.8, 19.8, 7446.52, 1.41, 0.76, 0.65, 4.28, 3.95
1495, Tim Duncan, 1610612759, SAS, 77, 53, 24, 28.92, 28.92, 9753.7, 1.85, 0.99, 0.85, 3.83, 3.6
204025, Tim Frazier, 1610612757, POR, 11, 3, 8, 21.77, 21.77, 8732.55, 1.65, 0.9, 0.76, 4.57, 4.11
203501, Tim Hardaway Jr., 1610612752, NYK, 69, 16, 53, 23.99, 23.99, 8878.26, 1.68, 0.93, 0.75, 4.21, 3.88
202389, Timofey Mozgov, 1610612739, CLE, 81, 49, 32, 25.25, 25.25, 9710.63, 1.84, 0.99, 0.85, 4.38, 4.04
202699, Tobias Harris, 1610612753, ORL, 68, 20, 48, 34.84, 34.84, 12793.71, 2.42, 1.3, 1.13, 4.19, 3.87
201962, Toney Douglas, 1610612740, NOP, 12, 7, 5, 14.71, 14.71, 6000.75, 1.14, 0.61, 0.53, 4.66, 4.36
2754, Tony Allen, 1610612763, MEM, 63, 46, 17, 26.15, 26.15, 9736.14, 1.84, 0.97, 0.87, 4.24, 3.99
2225, Tony Parker, 1610612759, SAS, 68, 48, 20, 28.72, 28.72, 11657.18, 2.21, 1.28, 0.93, 4.62, 4.01
203503, Tony Snell, 1610612741, CHI, 72, 43, 29, 19.61, 19.61, 7347.74, 1.39, 0.75, 0.64, 4.27, 4.0
203100, Tony Wroten, 1610612755, PHI, 30, 4, 26, 29.82, 29.82, 11229.33, 2.13, 1.18, 0.95, 4.28, 3.81
203315, Toure' Murry, 1610612762, UTA, 5, 3, 2, 3.63, 3.63, 1472.4, 0.28, 0.13, 0.15, 4.62, 3.93
204037, Travis Wear, 1610612752, NYK, 50, 7, 43, 13.01, 13.01, 5098.92, 0.97, 0.52, 0.44, 4.46, 4.13
2772, Trevor Ariza, 1610612745, HOU, 81, 55, 26, 35.76, 35.76, 12819.05, 2.43, 1.26, 1.17, 4.08, 3.88
202344, Trevor Booker, 1610612762, UTA, 79, 37, 42, 19.79, 19.79, 7392.32, 1.4, 0.77, 0.63, 4.26, 3.97
203504, Trey Burke, 1610612762, UTA, 76, 35, 41, 30.1, 30.1, 11243.76, 2.13, 1.2, 0.93, 4.25, 3.87
202684, Tristan Thompson, 1610612739, CLE, 81, 53, 28, 26.76, 26.76, 10087.42, 1.91, 1.03, 0.88, 4.28, 4.04
203584, Troy Daniels, 1610612766, CHA, 46, 14, 32, 8.52, 8.52, 3459.87, 0.66, 0.36, 0.3, 4.61, 4.22
201951, Ty Lawson, 1610612743, DEN, 75, 29, 46, 35.54, 35.54, 12509.28, 2.37, 1.23, 1.14, 4.01, 3.74
203898, Tyler Ennis, 1610612749, MIL, 33, 11, 22, 12.47, 12.47, 4996.12, 0.95, 0.52, 0.43, 4.55, 4.08
201946, Tyler Hansbrough, 1610612761, TOR, 74, 45, 29, 14.29, 14.29, 5189.65, 0.98, 0.51, 0.48, 4.13, 4.08
204020, Tyler Johnson, 1610612748, MIA, 32, 15, 17, 18.84, 18.84, 7225.69, 1.37, 0.71, 0.66, 4.37, 4.14
203092, Tyler Zeller, 1610612738, BOS, 82, 40, 42, 21.11, 21.11, 7813.33, 1.48, 0.78, 0.7, 4.21, 3.87
201936, Tyreke Evans, 1610612740, NOP, 79, 43, 36, 34.05, 34.05, 12006.18, 2.27, 1.27, 1.01, 4.01, 3.65
200748, Tyrus Thomas, 1610612763, MEM, 2, 2, 0, 3.26, 3.26, 1059.0, 0.2, 0.11, 0.09, 3.68, 3.83
2199, Tyson Chandler, 1610612742, DAL, 75, 47, 28, 30.48, 30.48, 10355.53, 1.96, 1.0, 0.97, 3.87, 3.73
2617, Udonis Haslem, 1610612748, MIA, 61, 30, 31, 16.1, 16.1, 5525.3, 1.05, 0.57, 0.48, 3.91, 3.79
203505, Vander Blue, 1610612747, LAL, 2, 0, 2, 36.86, 36.86, 13757.5, 2.61, 1.51, 1.09, 4.24, 3.87
201964, Victor Claver, 1610612757, POR, 10, 6, 4, 7.6, 7.6, 2840.1, 0.54, 0.29, 0.25, 4.26, 3.82
203506, Victor Oladipo, 1610612753, ORL, 72, 22, 50, 35.73, 35.73, 13477.1, 2.55, 1.35, 1.2, 4.31, 4.0
1713, Vince Carter, 1610612763, MEM, 66, 45, 21, 16.53, 16.53, 5842.29, 1.11, 0.6, 0.51, 4.03, 3.68
201961, Wayne Ellington, 1610612747, LAL, 65, 18, 47, 25.76, 25.76, 9682.15, 1.83, 1.0, 0.83, 4.28, 3.94
202325, Wesley Johnson, 1610612747, LAL, 76, 20, 56, 29.53, 29.53, 10525.66, 1.99, 1.05, 0.94, 4.05, 3.92
202083, Wesley Matthews, 1610612757, POR, 60, 41, 19, 33.74, 33.74, 12655.13, 2.4, 1.33, 1.07, 4.27, 3.86
203115, Will Barton, 1610612743, DEN, 58, 30, 28, 16.96, 16.96, 6596.74, 1.25, 0.68, 0.57, 4.42, 4.01
101198, Will Bynum, 1610612764, WAS, 7, 4, 3, 9.53, 9.53, 3398.86, 0.64, 0.36, 0.29, 4.06, 3.75
203805, Will Cherry, 1610612761, TOR, 8, 6, 2, 8.68, 8.68, 3273.75, 0.62, 0.33, 0.29, 4.32, 4.05
2584, Willie Green, 1610612753, ORL, 52, 15, 37, 18.29, 18.29, 6690.21, 1.27, 0.66, 0.61, 4.17, 3.89
201163, Wilson Chandler, 1610612743, DEN, 78, 28, 50, 31.68, 31.68, 11576.24, 2.19, 1.16, 1.03, 4.16, 3.85
202333, Xavier Henry, 1610612747, LAL, 9, 1, 8, 9.51, 9.51, 3595.0, 0.68, 0.36, 0.32, 4.28, 3.93
203897, Zach LaVine, 1610612750, MIN, 76, 15, 61, 24.57, 24.57, 9640.61, 1.83, 0.99, 0.83, 4.46, 4.05
2216, Zach Randolph, 1610612763, MEM, 71, 51, 20, 32.45, 32.45, 11197.34, 2.12, 1.12, 1.0, 3.93, 3.83
2585, Zaza Pachulia, 1610612749, MIL, 72, 33, 39, 23.63, 23.63, 8261.42, 1.56, 0.77, 0.8, 3.99, 3.91
204054, Zoran Dragic, 1610612748, MIA, 16, 6, 10, 4.7, 4.7, 1794.44, 0.34, 0.18, 0.16, 4.3, 3.73
