PLAYER_ID, PLAYER_NAME, TEAM_ID, TEAM_ABBREVIATION, GP, W, L, MIN, DRIVES, DRIVE_FGM, DRIVE_FGA, DRIVE_FG_PCT, DRIVE_FTM, DRIVE_FTA, DRIVE_FT_PCT, DRIVE_PTS, DRIVE_PTS_PCT, DRIVE_PASSES, DRIVE_PASSES_PCT, DRIVE_AST, DRIVE_AST_PCT, DRIVE_TOV, DRIVE_TOV_PCT, DRIVE_PF_PCT
203932, Aaron Gordon, 1610612753, ORL, 73, 35, 38, 33.8, 6.2, 1.2, 2.7, 0.43, 0.8, 1.1, 0.7, 3.2, 0.524, 2.1, 0.345, 0.6, 0.1, 0.6, 0.097, 0.086
1628988, Aaron Holiday, 1610612754, IND, 47, 30, 17, 12.3, 3.3, 0.6, 1.3, 0.426, 0.2, 0.2, 0.9, 1.3, 0.404, 1.7, 0.5, 0.4, 0.135, 0.1, 0.038, 0.032
1627846, Abdel Nader, 1610612760, OKC, 58, 36, 22, 11.5, 2.1, 0.6, 1.2, 0.485, 0.2, 0.2, 0.692, 1.3, 0.621, 0.7, 0.315, 0.2, 0.081, 0.2, 0.073, 0.04
201143, Al Horford, 1610612738, BOS, 66, 40, 26, 29.1, 1.6, 0.4, 0.8, 0.56, 0.2, 0.3, 0.882, 1.1, 0.667, 0.6, 0.37, 0.2, 0.12, 0.1, 0.083, 0.065
202329, Al-Farouq Aminu, 1610612757, POR, 77, 49, 28, 28.5, 2.7, 0.7, 1.4, 0.472, 0.4, 0.5, 0.857, 1.8, 0.655, 0.7, 0.248, 0.3, 0.121, 0.2, 0.087, 0.083
1626210, Alan Williams, 1610612751, BKN, 4, 0, 4, 5.5, 0.0, 0.0, 0.0, 0.0, 0.0, 0.0, 0.0, 0.0, 0.0, 0.0, 0.0, 0.0, 0.0, 0.0, 0.0, 0.0
202692, Alec Burks, 1610612758, SAC, 64, 19, 45, 21.5, 5.2, 1.0, 2.5, 0.396, 0.7, 0.8, 0.86, 2.8, 0.53, 1.8, 0.344, 0.4, 0.084, 0.4, 0.078, 0.075
203518, Alex Abrines, 1610612760, OKC, 31, 21, 10, 19.0, 1.2, 0.2, 0.5, 0.357, 0.1, 0.1, 1.0, 0.5, 0.389, 0.5, 0.417, 0.1, 0.111, 0.1, 0.111, 0.056
1627936, Alex Caruso, 1610612747, LAL, 20, 5, 15, 17.7, 3.1, 0.5, 1.4, 0.321, 1.1, 1.2, 0.917, 2.0, 0.645, 0.9, 0.274, 0.4, 0.129, 0.2, 0.065, 0.177
203458, Alex Len, 1610612737, ATL, 74, 28, 46, 19.7, 0.4, 0.1, 0.3, 0.579, 0.1, 0.1, 1.0, 0.4, 0.839, 0.1, 0.161, 0.0, 0.0, 0.1, 0.161, 0.065
1627816, Alex Poythress, 1610612737, ATL, 21, 7, 14, 14.5, 0.8, 0.2, 0.4, 0.444, 0.0, 0.1, 0.5, 0.4, 0.563, 0.2, 0.25, 0.0, 0.0, 0.0, 0.063, 0.063
1628035, Alfonzo McKinnie, 1610612744, GSW, 66, 49, 17, 13.8, 0.4, 0.1, 0.3, 0.316, 0.0, 0.0, 0.0, 0.2, 0.448, 0.1, 0.241, 0.0, 0.069, 0.0, 0.069, 0.034
1628993, Alize Johnson, 1610612754, IND, 12, 8, 4, 3.0, 0.3, 0.0, 0.3, 0.0, 0.0, 0.0, 0.0, 0.0, 0.0, 0.0, 0.0, 0.0, 0.0, 0.0, 0.0, 0.0
203459, Allen Crabbe, 1610612751, BKN, 43, 19, 24, 26.4, 2.1, 0.3, 1.0, 0.293, 0.1, 0.2, 0.75, 0.7, 0.33, 0.8, 0.385, 0.1, 0.066, 0.3, 0.121, 0.044
1629019, Allonzo Trier, 1610612752, NYK, 63, 13, 50, 22.8, 7.0, 1.3, 2.8, 0.469, 1.2, 1.6, 0.74, 3.9, 0.554, 2.4, 0.344, 0.6, 0.082, 0.8, 0.114, 0.112
1628518, Amile Jefferson, 1610612753, ORL, 10, 7, 3, 3.9, 0.2, 0.0, 0.2, 0.0, 0.0, 0.0, 0.0, 0.0, 0.0, 0.0, 0.0, 0.0, 0.0, 0.0, 0.0, 0.0
101161, Amir Johnson, 1610612755, PHI, 49, 31, 18, 9.9, 0.5, 0.2, 0.2, 0.8, 0.0, 0.0, 1.0, 0.4, 0.783, 0.1, 0.304, 0.0, 0.0, 0.1, 0.174, 0.043
203083, Andre Drummond, 1610612765, DET, 75, 38, 37, 33.5, 1.2, 0.3, 0.7, 0.455, 0.2, 0.3, 0.68, 0.9, 0.764, 0.1, 0.124, 0.0, 0.011, 0.1, 0.112, 0.135
2738, Andre Iguodala, 1610612744, GSW, 66, 47, 19, 23.1, 1.0, 0.2, 0.3, 0.455, 0.2, 0.3, 0.526, 0.5, 0.47, 0.4, 0.424, 0.1, 0.136, 0.1, 0.076, 0.136
201281, Andre Ingram, 1610612747, LAL, 4, 1, 3, 3.7, 0.3, 0.0, 0.3, 0.0, 0.0, 0.0, 0.0, 0.0, 0.0, 0.0, 0.0, 0.0, 0.0, 0.0, 0.0, 0.0
101106, Andrew Bogut, 1610612744, GSW, 7, 6, 1, 12.4, 0.3, 0.3, 0.3, 1.0, 0.0, 0.0, 0.0, 0.6, 2.0, 0.0, 0.0, 0.0, 0.0, 0.0, 0.0, 0.0
1626150, Andrew Harrison, 1610612740, NOP, 17, 6, 11, 10.9, 4.1, 0.5, 0.9, 0.5, 0.6, 0.7, 0.917, 1.7, 0.414, 2.5, 0.614, 0.6, 0.143, 0.2, 0.057, 0.086
203952, Andrew Wiggins, 1610612750, MIN, 68, 29, 39, 34.8, 8.0, 1.7, 4.2, 0.403, 1.2, 1.8, 0.681, 4.6, 0.571, 2.4, 0.302, 0.6, 0.079, 0.5, 0.066, 0.103
1629014, Anfernee Simons, 1610612757, POR, 17, 15, 2, 4.8, 1.1, 0.4, 0.7, 0.5, 0.1, 0.4, 0.167, 0.8, 0.722, 0.1, 0.056, 0.1, 0.056, 0.1, 0.111, 0.167
1629116, Angel Delgado, 1610612746, LAC, 2, 0, 2, 7.4, 0.5, 0.5, 0.5, 1.0, 0.0, 0.0, 0.0, 1.0, 2.0, 0.0, 0.0, 0.0, 0.0, 0.0, 0.0, 0.0
1627790, Ante Zizic, 1610612739, CLE, 55, 13, 42, 18.1, 0.3, 0.1, 0.2, 0.583, 0.0, 0.0, 0.0, 0.3, 0.778, 0.1, 0.222, 0.0, 0.056, 0.0, 0.111, 0.0
203076, Anthony Davis, 1610612740, NOP, 56, 25, 31, 33.0, 3.8, 1.2, 2.4, 0.485, 0.7, 0.9, 0.712, 3.1, 0.822, 0.8, 0.196, 0.3, 0.079, 0.1, 0.037, 0.117
201229, Anthony Tolliver, 1610612750, MIN, 60, 25, 35, 16.2, 0.6, 0.1, 0.2, 0.429, 0.2, 0.3, 0.778, 0.4, 0.684, 0.2, 0.316, 0.0, 0.053, 0.1, 0.105, 0.211
1628469, Antonio Blakeney, 1610612741, CHI, 56, 14, 42, 14.5, 4.8, 1.3, 2.9, 0.466, 0.5, 0.8, 0.636, 3.2, 0.656, 1.3, 0.278, 0.2, 0.033, 0.2, 0.044, 0.07
203382, Aron Baynes, 1610612738, BOS, 49, 31, 18, 15.9, 0.0, 0.0, 0.0, 0.0, 0.0, 0.0, 0.0, 0.0, 0.0, 0.0, 0.0, 0.0, 0.0, 0.0, 0.0, 0.0
203085, Austin Rivers, 1610612745, HOU, 72, 42, 30, 26.8, 5.6, 1.3, 2.7, 0.477, 0.4, 0.8, 0.544, 3.0, 0.545, 2.0, 0.363, 0.5, 0.087, 0.3, 0.045, 0.067
202340, Avery Bradley, 1610612763, MEM, 63, 31, 32, 30.2, 3.3, 0.5, 1.3, 0.357, 0.2, 0.2, 0.8, 1.2, 0.348, 1.5, 0.462, 0.5, 0.162, 0.2, 0.067, 0.033
1629168, BJ Johnson, 1610612758, SAC, 6, 2, 4, 7.2, 0.3, 0.3, 0.3, 1.0, 0.0, 0.0, 0.0, 0.7, 2.0, 0.0, 0.0, 0.0, 0.0, 0.0, 0.0, 0.0
1628389, Bam Adebayo, 1610612748, MIA, 78, 38, 40, 23.2, 0.8, 0.1, 0.4, 0.357, 0.2, 0.3, 0.783, 0.5, 0.603, 0.2, 0.286, 0.0, 0.016, 0.1, 0.063, 0.175
203463, Ben McLemore, 1610612758, SAC, 19, 7, 12, 8.3, 0.3, 0.1, 0.2, 0.333, 0.0, 0.0, 0.0, 0.1, 0.333, 0.2, 0.5, 0.1, 0.167, 0.0, 0.0, 0.0
1627732, Ben Simmons, 1610612755, PHI, 76, 49, 27, 34.4, 9.7, 2.1, 4.0, 0.521, 1.0, 1.6, 0.607, 5.2, 0.537, 4.1, 0.424, 0.9, 0.098, 0.5, 0.05, 0.085
1628656, Billy Garrett, 1610612752, NYK, 1, 0, 1, 11.5, 3.0, 1.0, 2.0, 0.5, 0.0, 0.0, 0.0, 2.0, 0.667, 1.0, 0.333, 0.0, 0.0, 0.0, 0.0, 0.0
202687, Bismack Biyombo, 1610612766, CHA, 49, 21, 28, 14.1, 0.1, 0.0, 0.0, 1.0, 0.1, 0.1, 0.75, 0.1, 1.667, 0.0, 0.0, 0.0, 0.0, 0.0, 0.0, 0.667
201933, Blake Griffin, 1610612765, DET, 72, 38, 34, 35.2, 8.2, 2.2, 3.8, 0.57, 1.8, 2.3, 0.79, 6.3, 0.777, 2.2, 0.264, 0.5, 0.061, 0.6, 0.078, 0.141
1626246, Boban Marjanovic, 1610612755, PHI, 54, 29, 25, 11.5, 0.0, 0.0, 0.0, 0.0, 0.0, 0.0, 0.0, 0.0, 0.0, 0.0, 0.0, 0.0, 0.0, 0.0, 0.0, 0.0
1626171, Bobby Portis, 1610612764, WAS, 45, 14, 31, 25.6, 2.4, 0.6, 1.5, 0.373, 0.3, 0.3, 0.857, 1.4, 0.569, 0.6, 0.239, 0.1, 0.028, 0.1, 0.055, 0.064
203992, Bogdan Bogdanovic, 1610612758, SAC, 66, 31, 35, 27.9, 8.0, 1.6, 3.7, 0.438, 0.5, 0.6, 0.85, 3.8, 0.469, 3.2, 0.399, 1.1, 0.132, 0.7, 0.083, 0.034
202711, Bojan Bogdanovic, 1610612754, IND, 79, 47, 32, 31.9, 6.8, 1.9, 3.6, 0.519, 1.2, 1.5, 0.821, 5.1, 0.749, 1.8, 0.268, 0.4, 0.061, 0.5, 0.071, 0.104
1629045, Bonzie Colson, 1610612749, MIL, 6, 5, 1, 8.2, 0.5, 0.2, 0.2, 1.0, 0.0, 0.0, 0.0, 0.3, 0.667, 0.3, 0.667, 0.0, 0.0, 0.0, 0.0, 0.0
202954, Brad Wanamaker, 1610612738, BOS, 33, 25, 8, 8.8, 1.5, 0.2, 0.6, 0.286, 0.2, 0.2, 1.0, 0.5, 0.36, 0.7, 0.46, 0.2, 0.12, 0.0, 0.0, 0.06
203078, Bradley Beal, 1610612764, WAS, 77, 31, 46, 37.4, 12.8, 3.1, 5.6, 0.561, 1.5, 1.9, 0.815, 8.0, 0.625, 4.8, 0.38, 1.1, 0.085, 0.8, 0.066, 0.073
1629164, Brandon Goodwin, 1610612743, DEN, 16, 10, 6, 3.6, 1.3, 0.1, 0.8, 0.167, 0.4, 0.5, 0.75, 0.6, 0.5, 0.2, 0.15, 0.0, 0.0, 0.1, 0.05, 0.2
1627742, Brandon Ingram, 1610612747, LAL, 52, 25, 27, 33.9, 10.1, 2.6, 5.4, 0.477, 1.4, 2.1, 0.67, 6.7, 0.659, 2.6, 0.253, 0.7, 0.065, 0.8, 0.078, 0.103
202688, Brandon Knight, 1610612739, CLE, 35, 17, 18, 17.7, 4.1, 0.6, 1.9, 0.309, 0.4, 0.5, 0.833, 1.7, 0.403, 1.7, 0.403, 0.4, 0.104, 0.3, 0.063, 0.056
1629102, Brandon Sampson, 1610612741, CHI, 11, 3, 8, 13.0, 2.1, 0.6, 1.1, 0.583, 0.3, 0.4, 0.75, 1.5, 0.739, 0.4, 0.174, 0.1, 0.043, 0.5, 0.217, 0.087
201572, Brook Lopez, 1610612749, MIL, 78, 58, 20, 28.7, 2.1, 0.7, 1.2, 0.617, 0.4, 0.5, 0.854, 2.0, 0.933, 0.4, 0.182, 0.1, 0.061, 0.2, 0.091, 0.121
1628971, Bruce Brown, 1610612765, DET, 70, 33, 37, 19.5, 2.9, 0.5, 1.4, 0.384, 0.2, 0.3, 0.696, 1.4, 0.461, 1.1, 0.379, 0.2, 0.078, 0.2, 0.083, 0.053
203998, Bruno Caboclo, 1610612763, MEM, 29, 12, 17, 22.6, 2.3, 0.4, 0.9, 0.5, 0.3, 0.4, 0.909, 1.2, 0.537, 1.0, 0.418, 0.0, 0.015, 0.2, 0.09, 0.075
1627854, Bryn Forbes, 1610612759, SAS, 78, 44, 34, 28.0, 3.9, 1.0, 2.1, 0.461, 0.3, 0.3, 0.875, 2.3, 0.586, 1.3, 0.331, 0.3, 0.089, 0.3, 0.07, 0.036
1627741, Buddy Hield, 1610612758, SAC, 78, 38, 40, 32.2, 4.6, 1.0, 2.4, 0.424, 0.4, 0.5, 0.919, 2.6, 0.554, 1.6, 0.338, 0.3, 0.066, 0.2, 0.053, 0.05
203710, C.J. Williams, 1610612750, MIN, 13, 4, 9, 7.0, 1.2, 0.2, 0.5, 0.429, 0.0, 0.0, 0.0, 0.5, 0.4, 0.4, 0.333, 0.2, 0.133, 0.2, 0.133, 0.0
203468, CJ McCollum, 1610612757, POR, 68, 41, 27, 34.1, 9.4, 2.6, 5.4, 0.489, 0.9, 1.1, 0.853, 6.3, 0.673, 2.9, 0.303, 0.6, 0.061, 0.4, 0.042, 0.056
101139, CJ Miles, 1610612763, MEM, 53, 33, 20, 16.2, 1.6, 0.3, 0.9, 0.327, 0.2, 0.3, 0.813, 0.9, 0.571, 0.4, 0.238, 0.1, 0.083, 0.1, 0.083, 0.095
1628403, Caleb Swanigan, 1610612758, SAC, 19, 10, 9, 7.9, 0.1, 0.0, 0.1, 0.0, 0.0, 0.0, 0.0, 0.0, 0.0, 0.0, 0.0, 0.0, 0.0, 0.0, 0.0, 0.0
1626166, Cameron Payne, 1610612739, CLE, 40, 7, 33, 17.8, 4.9, 1.3, 2.3, 0.556, 0.4, 0.5, 0.737, 2.9, 0.6, 1.9, 0.379, 0.6, 0.123, 0.4, 0.082, 0.046
1629244, Cameron Reynolds, 1610612750, MIN, 14, 4, 10, 13.2, 0.5, 0.2, 0.2, 1.0, 0.1, 0.1, 1.0, 0.6, 1.143, 0.1, 0.286, 0.1, 0.143, 0.1, 0.143, 0.143
1627747, Caris LeVert, 1610612751, BKN, 37, 16, 21, 26.7, 11.9, 2.7, 5.9, 0.461, 1.3, 1.8, 0.716, 6.9, 0.584, 3.9, 0.327, 0.9, 0.075, 0.8, 0.07, 0.08
2546, Carmelo Anthony, 1610612745, HOU, 10, 4, 6, 29.4, 0.8, 0.2, 0.7, 0.286, 0.1, 0.2, 0.5, 0.5, 0.625, 0.0, 0.0, 0.0, 0.0, 0.0, 0.0, 0.125
1626224, Cedi Osman, 1610612739, CLE, 72, 17, 55, 32.1, 6.0, 1.3, 2.9, 0.46, 0.6, 0.8, 0.807, 3.4, 0.568, 2.1, 0.353, 0.4, 0.067, 0.4, 0.072, 0.065
1628990, Chandler Hutchison, 1610612741, CHI, 44, 10, 34, 20.3, 3.1, 0.6, 1.6, 0.391, 0.1, 0.2, 0.5, 1.3, 0.423, 1.1, 0.365, 0.2, 0.066, 0.2, 0.073, 0.029
202718, Chandler Parsons, 1610612763, MEM, 21, 10, 11, 18.6, 4.3, 0.7, 1.7, 0.4, 0.7, 0.8, 0.938, 2.0, 0.478, 1.8, 0.411, 0.3, 0.067, 0.5, 0.111, 0.078
101112, Channing Frye, 1610612739, CLE, 34, 7, 27, 9.3, 0.3, 0.0, 0.1, 0.0, 0.1, 0.1, 0.75, 0.1, 0.273, 0.1, 0.273, 0.0, 0.0, 0.0, 0.091, 0.182
1626184, Chasson Randle, 1610612764, WAS, 44, 18, 26, 14.6, 3.4, 0.5, 1.0, 0.457, 0.3, 0.6, 0.6, 1.3, 0.38, 1.7, 0.507, 0.5, 0.14, 0.2, 0.06, 0.08
1627767, Cheick Diallo, 1610612740, NOP, 61, 26, 35, 13.4, 0.1, 0.0, 0.0, 0.5, 0.0, 0.1, 0.5, 0.1, 0.667, 0.0, 0.0, 0.0, 0.0, 0.0, 0.333, 0.333
1629002, Chimezie Metu, 1610612759, SAS, 29, 14, 15, 5.0, 0.5, 0.0, 0.2, 0.143, 0.1, 0.1, 1.0, 0.2, 0.4, 0.1, 0.267, 0.0, 0.0, 0.1, 0.133, 0.133
1628449, Chris Boucher, 1610612761, TOR, 27, 20, 7, 5.1, 0.2, 0.0, 0.2, 0.167, 0.0, 0.0, 0.0, 0.1, 0.333, 0.0, 0.0, 0.0, 0.0, 0.0, 0.0, 0.0
1629185, Chris Chiozza, 1610612745, HOU, 4, 3, 1, 3.5, 1.3, 0.0, 0.5, 0.0, 0.0, 0.0, 0.0, 0.0, 0.0, 0.3, 0.2, 0.0, 0.0, 0.0, 0.0, 0.0
101108, Chris Paul, 1610612745, HOU, 54, 36, 18, 32.3, 12.4, 1.9, 4.4, 0.443, 0.3, 0.3, 0.889, 4.4, 0.356, 6.5, 0.528, 1.5, 0.124, 0.9, 0.069, 0.01
1626174, Christian Wood, 1610612740, NOP, 18, 12, 6, 9.8, 1.1, 0.4, 0.7, 0.583, 0.5, 0.6, 0.818, 1.3, 1.2, 0.1, 0.1, 0.0, 0.0, 0.1, 0.05, 0.25
203991, Clint Capela, 1610612745, HOU, 63, 41, 22, 33.9, 0.5, 0.2, 0.3, 0.625, 0.0, 0.1, 0.167, 0.3, 0.724, 0.1, 0.207, 0.0, 0.0, 0.1, 0.138, 0.103
203469, Cody Zeller, 1610612766, CHA, 49, 22, 27, 25.4, 2.4, 0.6, 1.3, 0.46, 0.3, 0.4, 0.85, 1.6, 0.655, 0.7, 0.284, 0.2, 0.086, 0.2, 0.069, 0.086
1629012, Collin Sexton, 1610612739, CLE, 78, 19, 59, 31.5, 10.7, 2.1, 5.0, 0.413, 1.4, 1.7, 0.824, 5.6, 0.521, 3.7, 0.349, 0.7, 0.069, 0.7, 0.069, 0.078
201147, Corey Brewer, 1610612758, SAC, 27, 12, 15, 15.8, 1.8, 0.3, 0.8, 0.318, 0.3, 0.3, 0.875, 0.8, 0.438, 0.7, 0.417, 0.1, 0.063, 0.1, 0.042, 0.083
202709, Cory Joseph, 1610612754, IND, 79, 47, 32, 25.3, 6.4, 1.0, 2.1, 0.463, 0.2, 0.2, 0.684, 2.1, 0.325, 3.7, 0.582, 1.1, 0.172, 0.3, 0.043, 0.018
201584, Courtney Lee, 1610612742, DAL, 31, 5, 26, 11.7, 1.3, 0.2, 0.4, 0.385, 0.1, 0.2, 0.5, 0.4, 0.325, 0.7, 0.55, 0.1, 0.1, 0.0, 0.025, 0.075
1626245, Cristiano Felicio, 1610612741, CHI, 57, 16, 41, 12.0, 0.3, 0.1, 0.2, 0.3, 0.1, 0.1, 0.875, 0.2, 0.765, 0.0, 0.0, 0.0, 0.0, 0.0, 0.059, 0.235
1626156, D'Angelo Russell, 1610612751, BKN, 78, 39, 39, 30.3, 12.0, 3.2, 6.3, 0.506, 0.7, 0.8, 0.803, 7.1, 0.596, 4.1, 0.338, 1.1, 0.09, 0.8, 0.07, 0.034
201571, D.J. Augustin, 1610612753, ORL, 76, 37, 39, 27.8, 9.9, 1.6, 3.2, 0.494, 0.6, 0.7, 0.88, 3.8, 0.382, 5.7, 0.575, 1.3, 0.135, 0.5, 0.048, 0.032
1628391, D.J. Wilson, 1610612749, MIL, 44, 35, 9, 17.6, 0.8, 0.0, 0.2, 0.2, 0.1, 0.1, 1.0, 0.2, 0.229, 0.3, 0.429, 0.0, 0.057, 0.1, 0.086, 0.057
203474, DJ Stephens, 1610612763, MEM, 1, 0, 1, 6.7, 0.0, 0.0, 0.0, 0.0, 0.0, 0.0, 0.0, 0.0, 0.0, 0.0, 0.0, 0.0, 0.0, 0.0, 0.0, 0.0
1629541, Dairis Bertans, 1610612740, NOP, 9, 2, 7, 11.8, 0.6, 0.1, 0.1, 1.0, 0.0, 0.0, 0.0, 0.2, 0.4, 0.2, 0.4, 0.0, 0.0, 0.0, 0.0, 0.0
1627745, Damian Jones, 1610612744, GSW, 24, 15, 9, 17.1, 0.0, 0.0, 0.0, 0.0, 0.0, 0.0, 0.0, 0.0, 0.0, 0.0, 0.0, 0.0, 0.0, 0.0, 1.0, 0.0
203081, Damian Lillard, 1610612757, POR, 76, 48, 28, 35.5, 13.2, 2.9, 6.1, 0.484, 1.6, 1.7, 0.923, 7.6, 0.578, 5.2, 0.393, 1.4, 0.109, 0.7, 0.056, 0.062
1627814, Damion Lee, 1610612744, GSW, 27, 14, 13, 11.0, 0.9, 0.2, 0.4, 0.545, 0.3, 0.3, 0.875, 0.7, 0.87, 0.3, 0.304, 0.0, 0.043, 0.0, 0.0, 0.174
1628422, Damyean Dotson, 1610612752, NYK, 68, 10, 58, 27.2, 3.7, 0.8, 1.7, 0.466, 0.3, 0.4, 0.76, 1.9, 0.504, 1.5, 0.394, 0.3, 0.075, 0.3, 0.067, 0.051
1627772, Daniel Hamilton, 1610612737, ATL, 19, 7, 12, 10.7, 4.3, 0.6, 1.4, 0.423, 0.2, 0.3, 0.5, 1.3, 0.309, 2.3, 0.543, 0.7, 0.16, 0.3, 0.074, 0.037
1628464, Daniel Theis, 1610612738, BOS, 63, 36, 27, 13.7, 0.3, 0.1, 0.2, 0.6, 0.1, 0.2, 0.6, 0.3, 0.947, 0.0, 0.158, 0.0, 0.0, 0.0, 0.0, 0.263
201568, Danilo Gallinari, 1610612746, LAC, 65, 39, 26, 30.4, 5.9, 1.3, 2.6, 0.488, 1.5, 1.7, 0.892, 4.1, 0.697, 1.7, 0.288, 0.4, 0.07, 0.5, 0.091, 0.142
201980, Danny Green, 1610612761, TOR, 77, 54, 23, 27.8, 2.5, 0.3, 0.9, 0.377, 0.1, 0.1, 1.0, 0.8, 0.311, 1.2, 0.487, 0.2, 0.073, 0.2, 0.083, 0.021
201967, Dante Cunningham, 1610612759, SAS, 62, 34, 28, 14.6, 0.6, 0.1, 0.2, 0.385, 0.1, 0.1, 0.8, 0.2, 0.371, 0.2, 0.4, 0.1, 0.114, 0.1, 0.171, 0.057
203957, Dante Exum, 1610612762, UTA, 41, 21, 20, 15.8, 7.9, 1.5, 3.3, 0.448, 0.8, 1.0, 0.767, 3.7, 0.475, 3.4, 0.432, 1.3, 0.165, 0.5, 0.059, 0.065
1627863, Danuel House Jr., 1610612745, HOU, 35, 24, 11, 25.7, 2.7, 0.5, 1.0, 0.514, 0.5, 0.7, 0.692, 1.5, 0.574, 1.0, 0.372, 0.3, 0.106, 0.2, 0.074, 0.138
203967, Dario Saric, 1610612750, MIN, 76, 37, 39, 24.8, 2.1, 0.3, 0.9, 0.388, 0.3, 0.3, 0.952, 1.0, 0.456, 0.8, 0.375, 0.2, 0.075, 0.2, 0.1, 0.063
203121, Darius Miller, 1610612740, NOP, 69, 31, 38, 25.5, 2.6, 0.3, 0.6, 0.579, 0.0, 0.1, 0.5, 0.7, 0.265, 1.8, 0.669, 0.5, 0.188, 0.2, 0.072, 0.022
201954, Darren Collison, 1610612754, IND, 74, 44, 30, 28.4, 7.5, 0.8, 1.7, 0.472, 0.8, 1.0, 0.816, 2.5, 0.334, 4.7, 0.625, 1.2, 0.162, 0.4, 0.06, 0.065
1629133, Daryl Macon, 1610612742, DAL, 6, 3, 3, 6.1, 0.8, 0.2, 0.3, 0.5, 0.0, 0.0, 0.0, 0.3, 0.4, 0.2, 0.2, 0.0, 0.0, 0.2, 0.2, 0.0
1628021, David Nwaba, 1610612739, CLE, 47, 14, 33, 19.3, 2.6, 0.7, 1.5, 0.457, 0.5, 0.7, 0.774, 1.9, 0.733, 0.6, 0.25, 0.2, 0.067, 0.1, 0.033, 0.125
202722, Davis Bertans, 1610612759, SAS, 72, 40, 32, 21.6, 1.2, 0.2, 0.4, 0.406, 0.1, 0.1, 0.857, 0.5, 0.379, 0.6, 0.494, 0.1, 0.115, 0.1, 0.08, 0.034
1628432, Davon Reed, 1610612754, IND, 8, 3, 5, 2.7, 0.1, 0.0, 0.0, 0.0, 0.0, 0.0, 0.0, 0.0, 0.0, 0.1, 1.0, 0.1, 1.0, 0.0, 0.0, 0.0
1628368, De'Aaron Fox, 1610612758, SAC, 77, 38, 39, 31.8, 12.4, 2.6, 5.8, 0.458, 1.7, 2.4, 0.705, 7.1, 0.578, 4.2, 0.339, 1.4, 0.109, 0.8, 0.064, 0.093
1629001, De'Anthony Melton, 1610612756, PHX, 47, 12, 35, 19.5, 4.9, 0.6, 1.5, 0.391, 0.1, 0.2, 0.875, 1.3, 0.272, 2.9, 0.588, 0.9, 0.189, 0.3, 0.061, 0.018
201599, DeAndre Jordan, 1610612752, NYK, 69, 25, 44, 29.7, 0.1, 0.0, 0.0, 0.667, 0.0, 0.0, 1.0, 0.1, 1.2, 0.0, 0.2, 0.0, 0.2, 0.0, 0.0, 0.2
1627761, DeAndre' Bembry, 1610612737, ATL, 79, 29, 50, 23.5, 7.1, 1.4, 3.1, 0.452, 0.3, 0.5, 0.632, 3.1, 0.438, 3.0, 0.423, 0.6, 0.085, 0.5, 0.068, 0.032
201942, DeMar DeRozan, 1610612759, SAS, 73, 40, 33, 35.0, 18.8, 3.9, 7.3, 0.536, 2.6, 3.0, 0.846, 10.7, 0.567, 8.5, 0.449, 2.3, 0.121, 1.0, 0.055, 0.078
202326, DeMarcus Cousins, 1610612744, GSW, 26, 20, 6, 25.5, 3.3, 0.7, 1.7, 0.422, 0.8, 1.1, 0.786, 2.3, 0.69, 0.6, 0.184, 0.3, 0.08, 0.4, 0.126, 0.138
201960, DeMarre Carroll, 1610612751, BKN, 65, 34, 31, 25.6, 3.6, 0.8, 1.8, 0.408, 0.8, 1.1, 0.761, 2.4, 0.65, 1.0, 0.27, 0.3, 0.072, 0.2, 0.063, 0.148
1629152, DeVaughn Akoon-Purcell, 1610612743, DEN, 7, 7, 0, 3.1, 1.3, 0.1, 0.4, 0.333, 0.1, 0.3, 0.5, 0.4, 0.333, 0.6, 0.444, 0.1, 0.111, 0.1, 0.111, 0.111
1629028, Deandre Ayton, 1610612756, PHX, 71, 17, 54, 30.7, 0.4, 0.1, 0.2, 0.667, 0.0, 0.1, 0.75, 0.3, 0.96, 0.1, 0.16, 0.0, 0.0, 0.1, 0.16, 0.08
1626153, Delon Wright, 1610612763, MEM, 70, 43, 27, 21.6, 7.3, 1.2, 3.0, 0.414, 0.6, 0.8, 0.818, 3.2, 0.445, 3.4, 0.47, 0.7, 0.1, 0.4, 0.049, 0.051
1627743, Demetrius Jackson, 1610612755, PHI, 6, 5, 1, 6.6, 2.3, 0.5, 0.8, 0.6, 0.0, 0.0, 0.0, 1.0, 0.429, 1.0, 0.429, 0.2, 0.071, 0.3, 0.143, 0.0
1629061, Deng Adel, 1610612739, CLE, 16, 4, 12, 11.6, 1.1, 0.3, 0.5, 0.5, 0.1, 0.1, 1.0, 0.6, 0.588, 0.4, 0.353, 0.0, 0.0, 0.1, 0.059, 0.059
203471, Dennis Schroder, 1610612760, OKC, 74, 43, 31, 29.1, 11.7, 2.7, 5.8, 0.461, 1.3, 1.6, 0.838, 6.9, 0.586, 3.9, 0.336, 1.0, 0.082, 0.9, 0.074, 0.068
1628372, Dennis Smith Jr., 1610612752, NYK, 51, 19, 32, 28.4, 11.8, 2.2, 4.5, 0.474, 0.7, 1.2, 0.581, 5.1, 0.434, 5.5, 0.466, 1.1, 0.095, 0.9, 0.08, 0.05
1629126, Deonte Burton, 1610612760, OKC, 29, 19, 10, 8.2, 1.7, 0.4, 0.9, 0.407, 0.1, 0.1, 0.75, 0.9, 0.531, 0.4, 0.265, 0.0, 0.02, 0.2, 0.122, 0.041
202324, Derrick Favors, 1610612762, UTA, 73, 44, 29, 23.4, 0.3, 0.1, 0.2, 0.615, 0.1, 0.1, 0.6, 0.3, 1.048, 0.0, 0.095, 0.0, 0.0, 0.0, 0.095, 0.19
1627884, Derrick Jones Jr., 1610612748, MIA, 57, 30, 27, 19.1, 1.2, 0.2, 0.6, 0.353, 0.2, 0.3, 0.667, 0.6, 0.507, 0.4, 0.29, 0.1, 0.043, 0.1, 0.101, 0.101
201565, Derrick Rose, 1610612750, MIN, 51, 24, 27, 27.3, 12.0, 3.3, 6.2, 0.527, 1.3, 1.4, 0.889, 8.0, 0.667, 4.1, 0.344, 1.1, 0.089, 0.6, 0.052, 0.052
1628401, Derrick White, 1610612759, SAS, 63, 37, 26, 25.6, 8.4, 1.9, 3.5, 0.534, 0.7, 1.0, 0.733, 4.5, 0.538, 3.8, 0.451, 1.0, 0.117, 0.4, 0.047, 0.055
1626164, Devin Booker, 1610612756, PHX, 64, 15, 49, 35.0, 13.9, 3.2, 6.0, 0.522, 2.1, 2.4, 0.895, 8.5, 0.615, 4.9, 0.354, 1.6, 0.117, 1.2, 0.087, 0.082
2734, Devin Harris, 1610612742, DAL, 64, 26, 38, 15.2, 2.7, 0.5, 1.0, 0.484, 0.4, 0.5, 0.867, 1.4, 0.506, 1.2, 0.443, 0.4, 0.155, 0.2, 0.086, 0.092
1628421, Devin Robinson, 1610612764, WAS, 4, 1, 3, 8.0, 2.3, 0.8, 1.5, 0.5, 0.0, 0.5, 0.0, 1.8, 0.778, 0.5, 0.222, 0.3, 0.111, 0.0, 0.0, 0.111
1628984, Devonte' Graham, 1610612766, CHA, 41, 15, 26, 14.3, 3.5, 0.4, 1.0, 0.4, 0.4, 0.5, 0.789, 1.2, 0.345, 1.9, 0.556, 0.5, 0.148, 0.2, 0.07, 0.063
203473, Dewayne Dedmon, 1610612737, ATL, 64, 24, 40, 25.1, 0.8, 0.2, 0.4, 0.5, 0.1, 0.1, 0.75, 0.5, 0.574, 0.3, 0.333, 0.1, 0.074, 0.1, 0.13, 0.074
1627738, Deyonta Davis, 1610612737, ATL, 6, 3, 3, 14.3, 0.0, 0.0, 0.0, 0.0, 0.0, 0.0, 0.0, 0.0, 0.0, 0.0, 0.0, 0.0, 0.0, 0.0, 0.0, 0.0
1628415, Dillon Brooks, 1610612763, MEM, 18, 9, 9, 18.3, 3.6, 1.0, 2.2, 0.45, 0.4, 0.7, 0.583, 2.4, 0.677, 0.8, 0.215, 0.2, 0.046, 0.3, 0.077, 0.092
203079, Dion Waiters, 1610612748, MIA, 40, 19, 21, 26.2, 9.7, 1.3, 2.9, 0.465, 0.4, 0.7, 0.577, 3.1, 0.316, 5.3, 0.552, 1.1, 0.111, 0.8, 0.083, 0.031
1717, Dirk Nowitzki, 1610612742, DAL, 47, 15, 32, 14.8, 0.0, 0.0, 0.0, 0.0, 0.0, 0.0, 0.0, 0.0, 0.0, 0.0, 1.0, 0.0, 0.0, 0.0, 0.0, 0.0
1627734, Domantas Sabonis, 1610612754, IND, 72, 43, 29, 24.8, 1.6, 0.5, 0.9, 0.556, 0.2, 0.2, 0.813, 1.2, 0.754, 0.4, 0.272, 0.1, 0.07, 0.1, 0.07, 0.07
1628378, Donovan Mitchell, 1610612762, UTA, 72, 46, 26, 33.6, 16.8, 4.0, 9.0, 0.447, 1.8, 2.3, 0.78, 10.1, 0.6, 5.1, 0.306, 1.2, 0.069, 1.1, 0.067, 0.068
1628978, Donte DiVincenzo, 1610612749, MIL, 27, 20, 7, 15.2, 1.1, 0.2, 0.4, 0.6, 0.1, 0.1, 1.0, 0.5, 0.467, 0.6, 0.5, 0.0, 0.033, 0.1, 0.1, 0.033
1629055, Donte Grantham, 1610612760, OKC, 3, 2, 1, 0.8, 0.0, 0.0, 0.0, 0.0, 0.0, 0.0, 0.0, 0.0, 0.0, 0.0, 0.0, 0.0, 0.0, 0.0, 0.0, 0.0
1627827, Dorian Finney-Smith, 1610612742, DAL, 77, 31, 46, 24.4, 2.6, 0.3, 0.7, 0.463, 0.3, 0.4, 0.788, 1.0, 0.389, 1.2, 0.48, 0.2, 0.071, 0.3, 0.116, 0.081
203926, Doug McDermott, 1610612754, IND, 74, 42, 32, 17.2, 1.4, 0.4, 0.8, 0.518, 0.2, 0.2, 0.923, 0.9, 0.7, 0.4, 0.3, 0.1, 0.08, 0.1, 0.07, 0.06
1627733, Dragan Bender, 1610612756, PHX, 43, 8, 35, 16.7, 0.9, 0.2, 0.4, 0.588, 0.0, 0.1, 0.333, 0.5, 0.553, 0.3, 0.289, 0.0, 0.053, 0.1, 0.158, 0.026
203110, Draymond Green, 1610612744, GSW, 61, 44, 17, 31.3, 1.4, 0.3, 0.7, 0.5, 0.1, 0.2, 0.667, 0.8, 0.571, 0.4, 0.321, 0.1, 0.071, 0.2, 0.119, 0.071
1629234, Drew Eubanks, 1610612759, SAS, 20, 10, 10, 5.2, 0.1, 0.1, 0.1, 1.0, 0.0, 0.0, 0.0, 0.1, 2.0, 0.0, 0.0, 0.0, 0.0, 0.0, 0.0, 0.0
1629130, Duncan Robinson, 1610612748, MIA, 13, 6, 7, 8.8, 0.2, 0.0, 0.0, 0.0, 0.1, 0.2, 0.5, 0.1, 0.333, 0.2, 0.667, 0.1, 0.333, 0.0, 0.0, 0.333
1628605, Dusty Hannahs, 1610612763, MEM, 1, 0, 1, 13.7, 3.0, 1.0, 3.0, 0.333, 0.0, 0.0, 0.0, 2.0, 0.667, 0.0, 0.0, 0.0, 0.0, 0.0, 0.0, 0.0
1628407, Dwayne Bacon, 1610612766, CHA, 38, 17, 21, 15.6, 4.1, 1.1, 2.4, 0.44, 0.5, 0.7, 0.731, 2.6, 0.643, 1.0, 0.247, 0.3, 0.065, 0.2, 0.045, 0.084
2730, Dwight Howard, 1610612764, WAS, 9, 4, 5, 25.5, 1.2, 0.3, 0.7, 0.5, 0.3, 0.4, 0.75, 1.1, 0.909, 0.1, 0.091, 0.0, 0.0, 0.2, 0.182, 0.182
203939, Dwight Powell, 1610612742, DAL, 74, 29, 45, 21.4, 1.3, 0.3, 0.5, 0.556, 0.4, 0.6, 0.762, 1.0, 0.763, 0.4, 0.268, 0.1, 0.093, 0.1, 0.093, 0.227
2548, Dwyane Wade, 1610612748, MIA, 68, 34, 34, 25.8, 9.1, 2.1, 4.6, 0.46, 0.7, 1.1, 0.641, 5.0, 0.554, 3.1, 0.346, 0.9, 0.094, 0.6, 0.068, 0.063
1629058, Dzanan Musa, 1610612751, BKN, 8, 3, 5, 4.2, 1.1, 0.5, 0.6, 0.8, 0.0, 0.0, 0.0, 1.0, 0.889, 0.3, 0.222, 0.0, 0.0, 0.3, 0.222, 0.0
202734, E'Twaun Moore, 1610612740, NOP, 53, 21, 32, 27.6, 4.7, 1.3, 2.6, 0.507, 0.3, 0.3, 0.778, 2.9, 0.621, 1.5, 0.327, 0.3, 0.056, 0.3, 0.073, 0.036
202334, Ed Davis, 1610612751, BKN, 78, 39, 39, 18.0, 0.2, 0.0, 0.1, 0.2, 0.1, 0.1, 0.6, 0.1, 0.615, 0.0, 0.154, 0.0, 0.0, 0.0, 0.077, 0.385
1628410, Edmond Sumner, 1610612754, IND, 20, 13, 7, 8.7, 1.4, 0.2, 0.5, 0.3, 0.1, 0.2, 0.25, 0.4, 0.259, 0.5, 0.37, 0.2, 0.111, 0.2, 0.148, 0.074
202327, Ekpe Udoh, 1610612762, UTA, 46, 32, 14, 5.5, 0.1, 0.0, 0.0, 0.0, 0.0, 0.0, 0.5, 0.0, 0.333, 0.0, 0.0, 0.0, 0.0, 0.0, 0.0, 0.333
203901, Elfrid Payton, 1610612740, NOP, 39, 17, 22, 29.3, 11.1, 2.0, 4.3, 0.462, 0.6, 0.8, 0.688, 4.7, 0.42, 5.1, 0.457, 1.2, 0.111, 0.7, 0.065, 0.035
1629059, Elie Okobo, 1610612756, PHX, 50, 6, 44, 17.7, 4.4, 0.6, 1.8, 0.352, 0.2, 0.3, 0.714, 1.5, 0.342, 1.9, 0.443, 0.5, 0.105, 0.4, 0.091, 0.037
1629150, Emanuel Terry, 1610612748, MIA, 3, 0, 3, 7.6, 0.0, 0.0, 0.0, 0.0, 0.0, 0.0, 0.0, 0.0, 0.0, 0.0, 0.0, 0.0, 0.0, 0.0, 0.0, 0.0
1626144, Emmanuel Mudiay, 1610612752, NYK, 58, 13, 45, 27.2, 11.2, 2.2, 4.8, 0.469, 0.9, 1.3, 0.733, 5.5, 0.489, 4.5, 0.403, 1.1, 0.095, 0.9, 0.08, 0.057
202683, Enes Kanter, 1610612757, POR, 63, 25, 38, 24.0, 0.9, 0.2, 0.6, 0.308, 0.1, 0.1, 0.778, 0.5, 0.517, 0.1, 0.138, 0.0, 0.017, 0.1, 0.086, 0.069
202339, Eric Bledsoe, 1610612749, MIL, 75, 57, 18, 29.5, 11.3, 2.5, 4.3, 0.567, 1.0, 1.4, 0.75, 6.2, 0.546, 5.1, 0.448, 1.4, 0.123, 0.8, 0.071, 0.057
201569, Eric Gordon, 1610612745, HOU, 64, 41, 23, 32.1, 7.7, 1.8, 4.0, 0.465, 0.8, 1.0, 0.742, 4.5, 0.589, 2.6, 0.34, 0.6, 0.079, 0.4, 0.057, 0.065
203961, Eric Moreland, 1610612761, TOR, 4, 2, 2, 9.0, 0.5, 0.0, 0.3, 0.0, 0.0, 0.0, 0.0, 0.0, 0.0, 0.3, 0.5, 0.0, 0.0, 0.0, 0.0, 0.0
101141, Ersan Ilyasova, 1610612749, MIL, 63, 47, 16, 18.2, 0.5, 0.1, 0.3, 0.368, 0.0, 0.0, 1.0, 0.3, 0.5, 0.1, 0.219, 0.0, 0.0, 0.0, 0.094, 0.031
203095, Evan Fournier, 1610612753, ORL, 76, 37, 39, 31.5, 8.9, 1.8, 3.8, 0.459, 0.6, 0.7, 0.782, 4.2, 0.478, 3.9, 0.441, 1.1, 0.123, 0.6, 0.062, 0.039
202323, Evan Turner, 1610612757, POR, 69, 44, 25, 22.0, 3.9, 0.9, 2.1, 0.415, 0.2, 0.3, 0.833, 2.0, 0.504, 1.3, 0.327, 0.3, 0.085, 0.3, 0.085, 0.033
1628402, Frank Jackson, 1610612740, NOP, 61, 22, 39, 19.2, 3.2, 0.8, 1.9, 0.41, 0.3, 0.5, 0.679, 1.9, 0.586, 1.0, 0.298, 0.2, 0.071, 0.1, 0.025, 0.071
1626163, Frank Kaminsky, 1610612766, CHA, 42, 19, 23, 15.1, 2.6, 0.6, 1.1, 0.522, 0.5, 0.6, 0.741, 1.6, 0.618, 0.8, 0.3, 0.2, 0.082, 0.4, 0.145, 0.1
1628412, Frank Mason, 1610612758, SAC, 36, 16, 20, 11.4, 3.6, 0.5, 1.1, 0.462, 0.1, 0.2, 0.625, 1.2, 0.328, 2.0, 0.563, 0.6, 0.156, 0.2, 0.055, 0.031
1628373, Frank Ntilikina, 1610612752, NYK, 42, 9, 33, 21.1, 4.9, 0.8, 2.1, 0.393, 0.2, 0.2, 0.8, 1.9, 0.386, 2.0, 0.411, 0.5, 0.101, 0.5, 0.097, 0.024
1627832, Fred VanVleet, 1610612761, TOR, 61, 44, 17, 27.5, 8.8, 1.0, 2.5, 0.401, 0.6, 0.8, 0.848, 2.7, 0.31, 5.2, 0.587, 1.3, 0.143, 0.5, 0.059, 0.041
1627788, Furkan Korkmaz, 1610612755, PHI, 46, 29, 17, 14.2, 1.4, 0.2, 0.7, 0.367, 0.1, 0.1, 0.75, 0.5, 0.379, 0.6, 0.409, 0.2, 0.121, 0.1, 0.076, 0.03
202066, Garrett Temple, 1610612746, LAC, 71, 36, 35, 27.6, 2.0, 0.4, 0.8, 0.417, 0.3, 0.4, 0.731, 1.0, 0.483, 0.8, 0.4, 0.1, 0.069, 0.2, 0.076, 0.09
1629109, Gary Clark, 1610612745, HOU, 48, 30, 18, 12.8, 0.4, 0.1, 0.1, 0.667, 0.0, 0.0, 1.0, 0.2, 0.5, 0.2, 0.444, 0.0, 0.111, 0.1, 0.222, 0.0
203914, Gary Harris, 1610612743, DEN, 51, 35, 16, 28.8, 7.7, 1.7, 3.6, 0.457, 1.0, 1.3, 0.797, 4.4, 0.573, 2.7, 0.355, 0.5, 0.069, 0.4, 0.054, 0.082
1627780, Gary Payton II, 1610612764, WAS, 3, 2, 1, 5.3, 0.3, 0.0, 0.0, 0.0, 0.0, 0.0, 0.0, 0.0, 0.0, 0.3, 1.0, 0.0, 0.0, 0.0, 0.0, 0.0
1629018, Gary Trent Jr., 1610612757, POR, 13, 12, 1, 4.2, 0.4, 0.1, 0.2, 0.333, 0.0, 0.0, 0.0, 0.2, 0.4, 0.1, 0.2, 0.0, 0.0, 0.1, 0.2, 0.0
201588, George Hill, 1610612749, MIL, 56, 37, 19, 21.5, 3.4, 0.7, 1.5, 0.482, 0.3, 0.3, 0.842, 1.8, 0.521, 1.5, 0.432, 0.3, 0.078, 0.2, 0.052, 0.052
1628994, George King, 1610612756, PHX, 1, 0, 1, 5.9, 0.0, 0.0, 0.0, 0.0, 0.0, 0.0, 0.0, 0.0, 0.0, 0.0, 0.0, 0.0, 0.0, 0.0, 0.0, 0.0
1627777, Georges Niang, 1610612762, UTA, 54, 38, 16, 7.5, 1.4, 0.3, 0.5, 0.571, 0.1, 0.1, 0.6, 0.6, 0.455, 0.7, 0.481, 0.1, 0.065, 0.1, 0.078, 0.026
101123, Gerald Green, 1610612745, HOU, 69, 44, 25, 20.6, 2.0, 0.5, 0.9, 0.516, 0.2, 0.3, 0.8, 1.2, 0.618, 0.7, 0.331, 0.2, 0.096, 0.2, 0.103, 0.081
203507, Giannis Antetokounmpo, 1610612749, MIL, 70, 54, 16, 32.8, 12.5, 3.0, 4.8, 0.629, 2.5, 3.3, 0.751, 8.7, 0.702, 4.4, 0.356, 1.0, 0.078, 1.1, 0.088, 0.13
203922, Glenn Robinson III, 1610612765, DET, 44, 22, 22, 12.9, 1.7, 0.2, 0.9, 0.244, 0.2, 0.2, 0.9, 0.7, 0.387, 0.5, 0.293, 0.1, 0.053, 0.1, 0.053, 0.08
201609, Goran Dragic, 1610612748, MIA, 32, 15, 17, 27.3, 10.6, 1.9, 4.3, 0.456, 0.3, 0.4, 0.786, 4.3, 0.407, 5.0, 0.472, 1.4, 0.136, 0.9, 0.086, 0.018
202330, Gordon Hayward, 1610612738, BOS, 70, 43, 27, 25.7, 5.5, 0.9, 1.8, 0.488, 0.7, 0.8, 0.864, 2.6, 0.469, 2.5, 0.454, 0.6, 0.101, 0.5, 0.095, 0.075
203476, Gorgui Dieng, 1610612750, MIN, 71, 31, 40, 12.8, 0.5, 0.1, 0.2, 0.4, 0.2, 0.2, 0.917, 0.3, 0.719, 0.1, 0.25, 0.0, 0.094, 0.0, 0.094, 0.188
1628960, Grayson Allen, 1610612762, UTA, 34, 20, 14, 9.4, 3.4, 0.4, 0.9, 0.4, 0.4, 0.6, 0.591, 1.1, 0.333, 1.6, 0.491, 0.2, 0.061, 0.3, 0.096, 0.096
202328, Greg Monroe, 1610612738, BOS, 40, 26, 14, 10.7, 0.7, 0.2, 0.5, 0.368, 0.0, 0.1, 0.25, 0.4, 0.556, 0.1, 0.148, 0.0, 0.0, 0.1, 0.074, 0.074
1627824, Guerschon Yabusele, 1610612738, BOS, 39, 25, 14, 5.7, 0.2, 0.1, 0.2, 0.5, 0.1, 0.1, 0.75, 0.3, 1.111, 0.0, 0.0, 0.0, 0.0, 0.0, 0.0, 0.222
1628977, Hamidou Diallo, 1610612760, OKC, 49, 28, 21, 10.7, 1.3, 0.3, 0.9, 0.357, 0.1, 0.2, 0.545, 0.8, 0.585, 0.2, 0.169, 0.0, 0.015, 0.1, 0.077, 0.092
203084, Harrison Barnes, 1610612758, SAC, 73, 33, 40, 33.2, 5.1, 1.4, 3.2, 0.448, 0.7, 0.9, 0.781, 3.6, 0.711, 1.0, 0.201, 0.3, 0.056, 0.4, 0.075, 0.088
1628385, Harry Giles III, 1610612758, SAC, 58, 26, 32, 14.1, 1.1, 0.3, 0.6, 0.457, 0.2, 0.3, 0.611, 0.7, 0.705, 0.2, 0.164, 0.0, 0.016, 0.1, 0.049, 0.148
202355, Hassan Whiteside, 1610612748, MIA, 69, 32, 37, 23.5, 0.5, 0.1, 0.3, 0.435, 0.0, 0.1, 0.0, 0.3, 0.583, 0.1, 0.25, 0.0, 0.028, 0.0, 0.056, 0.056
1629312, Haywood Highsmith, 1610612755, PHI, 3, 1, 2, 4.9, 0.7, 0.3, 0.3, 1.0, 0.0, 0.0, 0.0, 0.7, 1.0, 0.3, 0.5, 0.0, 0.0, 0.0, 0.0, 0.0
1627740, Henry Ellenson, 1610612752, NYK, 15, 2, 13, 12.2, 1.9, 0.1, 0.9, 0.154, 0.2, 0.3, 0.75, 0.5, 0.241, 0.6, 0.31, 0.1, 0.069, 0.3, 0.138, 0.069
203546, Ian Clark, 1610612740, NOP, 57, 23, 34, 15.1, 2.4, 0.7, 1.3, 0.514, 0.1, 0.2, 0.778, 1.5, 0.606, 0.7, 0.292, 0.3, 0.109, 0.2, 0.095, 0.029
101133, Ian Mahinmi, 1610612764, WAS, 31, 11, 20, 14.4, 0.2, 0.0, 0.1, 0.333, 0.1, 0.2, 0.667, 0.2, 0.857, 0.0, 0.143, 0.0, 0.143, 0.0, 0.0, 0.429
1628387, Ike Anigbogu, 1610612754, IND, 3, 2, 1, 2.1, 0.0, 0.0, 0.0, 0.0, 0.0, 0.0, 0.0, 0.0, 0.0, 0.0, 0.0, 0.0, 0.0, 0.0, 0.0, 0.0
202697, Iman Shumpert, 1610612745, HOU, 60, 37, 23, 23.9, 1.5, 0.2, 0.6, 0.343, 0.2, 0.2, 0.833, 0.6, 0.398, 0.6, 0.398, 0.2, 0.125, 0.1, 0.08, 0.068
1629067, Isaac Bonga, 1610612747, LAL, 17, 4, 13, 4.0, 1.1, 0.1, 0.4, 0.333, 0.0, 0.1, 0.0, 0.2, 0.222, 0.6, 0.611, 0.1, 0.111, 0.0, 0.0, 0.056
1629353, Isaac Humphries, 1610612737, ATL, 2, 1, 1, 11.7, 0.0, 0.0, 0.0, 0.0, 0.0, 0.0, 0.0, 0.0, 0.0, 0.0, 0.0, 0.0, 0.0, 0.0, 0.0, 0.0
1628515, Isaiah Briscoe, 1610612753, ORL, 39, 17, 22, 14.3, 4.2, 0.6, 1.4, 0.455, 0.2, 0.3, 0.667, 1.5, 0.356, 2.2, 0.528, 0.5, 0.11, 0.3, 0.067, 0.037
203477, Isaiah Canaan, 1610612749, MIL, 30, 10, 20, 20.9, 3.3, 0.6, 1.5, 0.386, 0.1, 0.1, 0.75, 1.3, 0.404, 1.5, 0.444, 0.3, 0.091, 0.3, 0.091, 0.02
1628392, Isaiah Hartenstein, 1610612745, HOU, 28, 15, 13, 7.9, 0.1, 0.0, 0.0, 0.0, 0.0, 0.1, 0.5, 0.0, 0.25, 0.1, 0.5, 0.0, 0.0, 0.0, 0.25, 0.25
1628439, Isaiah Hicks, 1610612752, NYK, 1, 0, 1, 3.6, 0.0, 0.0, 0.0, 0.0, 0.0, 0.0, 0.0, 0.0, 0.0, 0.0, 0.0, 0.0, 0.0, 0.0, 0.0, 0.0
202738, Isaiah Thomas, 1610612743, DEN, 10, 6, 4, 14.1, 6.2, 1.1, 3.0, 0.367, 0.9, 1.2, 0.75, 3.1, 0.5, 2.2, 0.355, 0.9, 0.145, 0.3, 0.048, 0.081
202397, Ish Smith, 1610612765, DET, 52, 31, 21, 22.3, 11.0, 1.7, 3.8, 0.444, 0.5, 0.6, 0.897, 3.9, 0.358, 6.2, 0.564, 1.5, 0.133, 0.4, 0.04, 0.021
1628397, Ivan Rabb, 1610612763, MEM, 44, 18, 26, 13.1, 0.4, 0.1, 0.3, 0.545, 0.0, 0.1, 0.667, 0.3, 0.737, 0.1, 0.263, 0.1, 0.158, 0.0, 0.053, 0.053
1627826, Ivica Zubac, 1610612746, LAC, 55, 31, 24, 17.3, 0.1, 0.0, 0.0, 1.0, 0.0, 0.0, 1.0, 0.1, 1.2, 0.0, 0.2, 0.0, 0.0, 0.0, 0.2, 0.2
200826, J.J. Barea, 1610612742, DAL, 38, 20, 18, 19.8, 10.4, 2.2, 4.8, 0.457, 0.8, 1.1, 0.775, 5.3, 0.515, 3.9, 0.376, 1.0, 0.096, 0.7, 0.069, 0.051
1629122, J.P. Macura, 1610612766, CHA, 1, 0, 1, 13.8, 3.0, 1.0, 1.0, 1.0, 0.0, 0.0, 0.0, 2.0, 0.667, 2.0, 0.667, 0.0, 0.0, 0.0, 0.0, 0.0
200755, JJ Redick, 1610612755, PHI, 74, 48, 26, 31.4, 2.3, 0.5, 1.0, 0.479, 0.3, 0.3, 0.88, 1.2, 0.538, 0.9, 0.409, 0.1, 0.058, 0.1, 0.053, 0.076
2747, JR Smith, 1610612739, CLE, 11, 1, 10, 20.2, 1.9, 0.4, 0.6, 0.571, 0.0, 0.0, 0.0, 0.7, 0.381, 0.9, 0.476, 0.2, 0.095, 0.3, 0.143, 0.048
203960, JaKarr Sampson, 1610612741, CHI, 2, 1, 1, 29.5, 6.0, 1.0, 3.0, 0.333, 2.5, 3.0, 0.833, 4.5, 0.75, 1.0, 0.167, 0.0, 0.0, 0.5, 0.083, 0.25
203210, JaMychal Green, 1610612746, LAC, 63, 30, 33, 21.0, 0.7, 0.2, 0.4, 0.407, 0.0, 0.0, 1.0, 0.4, 0.532, 0.2, 0.255, 0.1, 0.085, 0.1, 0.128, 0.021
201580, JaVale McGee, 1610612747, LAL, 70, 32, 38, 22.2, 0.5, 0.1, 0.4, 0.37, 0.0, 0.1, 0.5, 0.3, 0.605, 0.0, 0.053, 0.0, 0.0, 0.1, 0.105, 0.079
203953, Jabari Parker, 1610612764, WAS, 62, 18, 44, 27.3, 6.5, 1.4, 2.6, 0.524, 0.6, 0.8, 0.809, 3.5, 0.531, 2.6, 0.404, 0.5, 0.074, 0.7, 0.107, 0.055
1628980, Jacob Evans, 1610612744, GSW, 27, 19, 8, 5.0, 0.4, 0.1, 0.3, 0.429, 0.0, 0.0, 0.0, 0.2, 0.5, 0.1, 0.25, 0.1, 0.167, 0.1, 0.167, 0.0
203109, Jae Crowder, 1610612762, UTA, 74, 45, 29, 27.5, 2.1, 0.4, 1.0, 0.451, 0.3, 0.4, 0.69, 1.2, 0.548, 0.7, 0.318, 0.1, 0.07, 0.2, 0.096, 0.089
1626143, Jahlil Okafor, 1610612740, NOP, 56, 22, 34, 15.0, 1.1, 0.4, 0.8, 0.595, 0.2, 0.4, 0.6, 1.1, 0.953, 0.1, 0.078, 0.0, 0.016, 0.1, 0.094, 0.141
1627774, Jake Layman, 1610612757, POR, 66, 42, 24, 18.5, 1.5, 0.5, 0.8, 0.588, 0.2, 0.2, 0.667, 1.1, 0.722, 0.5, 0.309, 0.1, 0.072, 0.1, 0.052, 0.072
1627751, Jakob Poeltl, 1610612759, SAS, 73, 39, 34, 16.2, 0.2, 0.1, 0.1, 0.625, 0.0, 0.0, 0.5, 0.2, 0.706, 0.1, 0.412, 0.0, 0.118, 0.0, 0.059, 0.059
1628973, Jalen Brunson, 1610612742, DAL, 70, 25, 45, 21.5, 7.5, 1.6, 3.2, 0.518, 0.4, 0.6, 0.689, 3.8, 0.505, 3.3, 0.446, 0.9, 0.117, 0.4, 0.059, 0.04
1627883, Jalen Jones, 1610612739, CLE, 16, 3, 13, 13.4, 1.8, 0.2, 0.6, 0.3, 0.5, 0.6, 0.8, 0.9, 0.483, 0.4, 0.241, 0.0, 0.0, 0.2, 0.103, 0.172
2037, Jamal Crawford, 1610612756, PHX, 61, 12, 49, 18.2, 2.6, 0.5, 1.1, 0.412, 0.3, 0.3, 0.947, 1.2, 0.463, 1.1, 0.425, 0.3, 0.106, 0.2, 0.075, 0.05
1627750, Jamal Murray, 1610612743, DEN, 70, 46, 24, 32.6, 10.1, 2.1, 4.9, 0.437, 0.6, 0.7, 0.788, 4.9, 0.484, 4.0, 0.397, 1.1, 0.106, 0.5, 0.047, 0.035
203516, James Ennis III, 1610612755, PHI, 58, 35, 23, 21.2, 1.3, 0.3, 0.6, 0.469, 0.2, 0.4, 0.476, 0.7, 0.533, 0.5, 0.373, 0.1, 0.093, 0.1, 0.053, 0.133
201935, James Harden, 1610612745, HOU, 74, 48, 26, 37.0, 19.6, 4.9, 9.3, 0.528, 3.7, 4.3, 0.865, 14.1, 0.716, 6.1, 0.313, 2.2, 0.114, 1.4, 0.074, 0.107
201949, James Johnson, 1610612748, MIA, 51, 26, 25, 21.1, 4.6, 0.9, 2.3, 0.4, 0.5, 0.8, 0.651, 2.4, 0.515, 1.5, 0.323, 0.3, 0.06, 0.3, 0.068, 0.089
203263, James Nunnally, 1610612745, HOU, 15, 8, 7, 6.8, 0.4, 0.1, 0.3, 0.5, 0.0, 0.0, 0.0, 0.3, 0.667, 0.1, 0.333, 0.0, 0.0, 0.0, 0.0, 0.0
201162, Jared Dudley, 1610612751, BKN, 57, 26, 31, 20.5, 2.5, 0.4, 0.7, 0.525, 0.2, 0.2, 0.818, 0.9, 0.371, 1.3, 0.529, 0.3, 0.136, 0.2, 0.086, 0.05
1629123, Jared Terrell, 1610612750, MIN, 11, 4, 7, 6.9, 0.8, 0.0, 0.5, 0.0, 0.0, 0.0, 0.0, 0.0, 0.0, 0.1, 0.111, 0.0, 0.0, 0.2, 0.222, 0.0
1626185, Jarell Martin, 1610612753, ORL, 38, 16, 22, 7.6, 0.3, 0.1, 0.2, 0.667, 0.0, 0.0, 0.0, 0.2, 0.727, 0.1, 0.273, 0.0, 0.0, 0.0, 0.091, 0.0
1628991, Jaren Jackson Jr., 1610612763, MEM, 58, 23, 35, 26.1, 2.1, 0.7, 1.4, 0.463, 0.3, 0.4, 0.792, 1.7, 0.782, 0.3, 0.145, 0.1, 0.024, 0.2, 0.089, 0.105
1628417, Jaron Blossomgame, 1610612739, CLE, 27, 4, 23, 16.3, 0.5, 0.1, 0.3, 0.375, 0.0, 0.0, 0.0, 0.2, 0.429, 0.2, 0.357, 0.0, 0.071, 0.0, 0.0, 0.0
1629020, Jarred Vanderbilt, 1610612743, DEN, 15, 10, 5, 3.6, 0.2, 0.0, 0.1, 0.0, 0.1, 0.1, 0.5, 0.1, 0.333, 0.1, 0.333, 0.1, 0.333, 0.0, 0.0, 0.333
1628386, Jarrett Allen, 1610612751, BKN, 77, 39, 38, 26.4, 0.3, 0.0, 0.2, 0.231, 0.1, 0.1, 0.833, 0.1, 0.524, 0.0, 0.143, 0.0, 0.0, 0.0, 0.048, 0.143
201160, Jason Smith, 1610612740, NOP, 20, 10, 10, 9.5, 0.4, 0.1, 0.2, 0.667, 0.1, 0.1, 1.0, 0.3, 0.857, 0.1, 0.143, 0.0, 0.0, 0.1, 0.286, 0.143
1628393, Jawun Evans, 1610612760, OKC, 7, 3, 4, 9.1, 3.0, 0.3, 1.0, 0.286, 0.0, 0.0, 0.0, 0.6, 0.19, 1.4, 0.476, 0.0, 0.0, 0.4, 0.143, 0.0
1629121, Jaylen Adams, 1610612737, ATL, 31, 13, 18, 11.9, 2.2, 0.2, 0.5, 0.313, 0.1, 0.2, 0.8, 0.5, 0.203, 1.4, 0.623, 0.3, 0.145, 0.2, 0.087, 0.029
1627759, Jaylen Brown, 1610612738, BOS, 72, 40, 32, 26.0, 5.1, 1.2, 2.4, 0.488, 0.6, 0.9, 0.683, 3.0, 0.586, 1.8, 0.364, 0.3, 0.063, 0.3, 0.06, 0.079
1628537, Jaylen Morris, 1610612749, MIL, 4, 4, 0, 7.1, 0.8, 0.0, 0.5, 0.0, 0.0, 0.0, 0.0, 0.0, 0.0, 0.3, 0.333, 0.0, 0.0, 0.0, 0.0, 0.0
1628369, Jayson Tatum, 1610612738, BOS, 77, 47, 30, 31.4, 5.6, 1.3, 2.8, 0.461, 0.4, 0.5, 0.892, 3.1, 0.544, 1.9, 0.338, 0.6, 0.1, 0.5, 0.09, 0.039
201145, Jeff Green, 1610612764, WAS, 73, 28, 45, 27.6, 2.1, 0.6, 1.0, 0.539, 0.7, 0.8, 0.857, 1.8, 0.874, 0.5, 0.219, 0.2, 0.073, 0.2, 0.086, 0.179
201952, Jeff Teague, 1610612750, MIN, 42, 23, 19, 30.1, 14.1, 2.4, 5.5, 0.438, 1.5, 1.8, 0.792, 6.4, 0.452, 6.1, 0.433, 2.0, 0.139, 0.9, 0.066, 0.063
1629203, Jemerrio Jones, 1610612747, LAL, 2, 1, 1, 3.3, 0.0, 0.0, 0.0, 0.0, 0.0, 0.0, 0.0, 0.0, 0.0, 0.0, 0.0, 0.0, 0.0, 0.0, 0.0, 0.0
203924, Jerami Grant, 1610612760, OKC, 75, 44, 31, 32.5, 2.7, 0.6, 1.6, 0.4, 0.4, 0.6, 0.689, 1.7, 0.62, 0.6, 0.21, 0.1, 0.049, 0.2, 0.073, 0.107
203087, Jeremy Lamb, 1610612766, CHA, 74, 35, 39, 28.6, 8.6, 2.1, 4.9, 0.427, 1.4, 1.6, 0.907, 5.8, 0.675, 2.3, 0.263, 0.6, 0.071, 0.4, 0.046, 0.09
202391, Jeremy Lin, 1610612761, TOR, 72, 30, 42, 19.5, 8.7, 1.5, 2.9, 0.507, 1.1, 1.4, 0.792, 4.2, 0.478, 4.1, 0.466, 1.0, 0.112, 0.7, 0.075, 0.08
1626170, Jerian Grant, 1610612753, ORL, 57, 25, 32, 15.9, 3.5, 0.4, 0.9, 0.377, 0.2, 0.4, 0.583, 1.0, 0.272, 2.1, 0.589, 0.5, 0.139, 0.2, 0.069, 0.059
1629010, Jerome Robinson, 1610612746, LAC, 29, 17, 12, 9.1, 1.1, 0.2, 0.6, 0.412, 0.1, 0.1, 1.0, 0.6, 0.515, 0.4, 0.394, 0.2, 0.212, 0.0, 0.0, 0.03
201573, Jerryd Bayless, 1610612750, MIN, 32, 13, 19, 19.2, 4.3, 0.5, 1.5, 0.333, 0.2, 0.4, 0.357, 1.2, 0.272, 2.1, 0.485, 0.5, 0.125, 0.2, 0.051, 0.044
1628975, Jevon Carter, 1610612763, MEM, 34, 7, 27, 13.8, 2.3, 0.1, 0.5, 0.167, 0.1, 0.1, 0.8, 0.3, 0.13, 1.2, 0.532, 0.3, 0.117, 0.3, 0.143, 0.039
202690, Jimmer Fredette, 1610612756, PHX, 4, 1, 3, 11.6, 3.5, 1.0, 2.0, 0.5, 0.5, 0.5, 1.0, 2.5, 0.714, 0.8, 0.214, 0.0, 0.0, 0.5, 0.143, 0.071
202710, Jimmy Butler, 1610612755, PHI, 64, 38, 26, 33.9, 10.3, 1.9, 4.2, 0.462, 1.6, 1.9, 0.842, 5.5, 0.538, 4.5, 0.434, 1.1, 0.11, 0.5, 0.049, 0.088
201149, Joakim Noah, 1610612763, MEM, 42, 14, 28, 16.5, 1.6, 0.4, 0.9, 0.486, 0.2, 0.2, 0.875, 1.0, 0.652, 0.4, 0.258, 0.1, 0.061, 0.2, 0.106, 0.061
201975, Jodie Meeks, 1610612761, TOR, 7, 6, 1, 12.3, 1.4, 0.4, 1.0, 0.429, 0.0, 0.0, 0.0, 0.9, 0.6, 0.3, 0.2, 0.0, 0.0, 0.0, 0.0, 0.0
1629147, Joe Chealey, 1610612766, CHA, 1, 0, 1, 7.8, 4.0, 1.0, 2.0, 0.5, 0.0, 0.0, 0.0, 2.0, 0.5, 2.0, 0.5, 0.0, 0.0, 0.0, 0.0, 0.0
203925, Joe Harris, 1610612751, BKN, 74, 39, 35, 30.1, 6.9, 1.5, 3.0, 0.498, 0.6, 0.7, 0.889, 3.7, 0.533, 2.9, 0.42, 0.7, 0.1, 0.5, 0.074, 0.053
204060, Joe Ingles, 1610612762, UTA, 76, 47, 29, 31.4, 10.1, 1.7, 3.1, 0.557, 0.3, 0.4, 0.767, 3.8, 0.379, 5.4, 0.539, 1.5, 0.148, 1.0, 0.095, 0.018
203954, Joel Embiid, 1610612755, PHI, 62, 42, 20, 33.7, 4.6, 1.3, 2.4, 0.537, 1.3, 1.7, 0.796, 4.0, 0.851, 0.8, 0.17, 0.1, 0.021, 0.5, 0.118, 0.181
1628381, John Collins, 1610612737, ATL, 59, 24, 35, 29.8, 2.8, 0.6, 1.6, 0.404, 0.4, 0.5, 0.897, 1.8, 0.663, 0.6, 0.209, 0.2, 0.08, 0.3, 0.117, 0.086
203089, John Henson, 1610612739, CLE, 14, 10, 4, 13.5, 0.4, 0.1, 0.1, 0.5, 0.0, 0.0, 0.0, 0.1, 0.333, 0.1, 0.333, 0.0, 0.0, 0.0, 0.0, 0.0
204066, John Holland, 1610612739, CLE, 1, 0, 1, 0.7, 0.0, 0.0, 0.0, 0.0, 0.0, 0.0, 0.0, 0.0, 0.0, 0.0, 0.0, 0.0, 0.0, 0.0, 0.0, 0.0
203098, John Jenkins, 1610612752, NYK, 22, 6, 16, 10.8, 0.7, 0.1, 0.2, 0.5, 0.1, 0.1, 1.0, 0.3, 0.4, 0.3, 0.467, 0.0, 0.067, 0.0, 0.067, 0.067
202322, John Wall, 1610612764, WAS, 32, 11, 21, 34.5, 16.8, 3.5, 6.5, 0.541, 2.4, 3.3, 0.724, 9.5, 0.564, 6.3, 0.377, 1.7, 0.1, 1.8, 0.108, 0.096
1628405, Johnathan Motley, 1610612746, LAC, 20, 12, 8, 7.0, 1.0, 0.3, 0.5, 0.6, 0.2, 0.2, 0.75, 0.8, 0.789, 0.3, 0.263, 0.0, 0.0, 0.1, 0.105, 0.105
1629140, Johnathan Williams, 1610612747, LAL, 19, 7, 12, 13.2, 0.3, 0.2, 0.3, 0.6, 0.0, 0.0, 0.0, 0.3, 1.0, 0.0, 0.0, 0.0, 0.0, 0.1, 0.167, 0.0
202720, Jon Leuer, 1610612765, DET, 40, 15, 25, 10.0, 0.3, 0.1, 0.1, 0.6, 0.0, 0.1, 0.5, 0.2, 0.583, 0.1, 0.417, 0.0, 0.0, 0.0, 0.083, 0.083
1628413, Jonah Bolden, 1610612755, PHI, 41, 23, 18, 14.2, 0.5, 0.1, 0.2, 0.571, 0.0, 0.1, 0.4, 0.2, 0.455, 0.2, 0.455, 0.0, 0.091, 0.0, 0.045, 0.091
201973, Jonas Jerebko, 1610612744, GSW, 68, 48, 20, 16.7, 1.0, 0.1, 0.4, 0.417, 0.1, 0.2, 0.333, 0.4, 0.373, 0.4, 0.388, 0.1, 0.09, 0.1, 0.149, 0.09
202685, Jonas Valanciunas, 1610612763, MEM, 49, 31, 18, 22.3, 1.9, 0.4, 1.0, 0.449, 0.3, 0.3, 0.824, 1.2, 0.63, 0.3, 0.163, 0.0, 0.011, 0.3, 0.163, 0.087
1628371, Jonathan Isaac, 1610612753, ORL, 71, 33, 38, 26.6, 1.8, 0.5, 0.9, 0.492, 0.3, 0.3, 0.875, 1.2, 0.664, 0.5, 0.258, 0.1, 0.031, 0.2, 0.086, 0.086
203613, Jonathon Simmons, 1610612755, PHI, 52, 22, 30, 18.6, 5.1, 0.9, 2.3, 0.395, 0.5, 0.7, 0.711, 2.4, 0.474, 1.8, 0.35, 0.4, 0.086, 0.5, 0.094, 0.071
1628395, Jordan Bell, 1610612744, GSW, 63, 42, 21, 11.4, 0.7, 0.2, 0.3, 0.455, 0.0, 0.1, 0.4, 0.3, 0.5, 0.2, 0.318, 0.0, 0.068, 0.0, 0.023, 0.045
203903, Jordan Clarkson, 1610612739, CLE, 77, 18, 59, 27.3, 9.4, 2.6, 5.0, 0.518, 1.0, 1.2, 0.86, 6.2, 0.665, 2.9, 0.31, 0.7, 0.078, 0.7, 0.071, 0.064
1628070, Jordan Loyd, 1610612761, TOR, 11, 10, 1, 4.3, 0.9, 0.3, 0.5, 0.5, 0.2, 0.2, 1.0, 0.7, 0.8, 0.2, 0.2, 0.1, 0.1, 0.1, 0.1, 0.1
203895, Jordan McRae, 1610612764, WAS, 25, 9, 16, 11.7, 2.4, 0.6, 1.2, 0.452, 0.5, 0.6, 0.867, 1.6, 0.683, 0.7, 0.283, 0.2, 0.067, 0.1, 0.05, 0.117
1626296, Jordan Sibert, 1610612737, ATL, 1, 1, 0, 4.2, 0.0, 0.0, 0.0, 0.0, 0.0, 0.0, 0.0, 0.0, 0.0, 0.0, 0.0, 0.0, 0.0, 0.0, 0.0, 0.0
101181, Jose Calderon, 1610612765, DET, 48, 21, 27, 13.1, 2.7, 0.1, 0.4, 0.3, 0.1, 0.1, 0.833, 0.4, 0.138, 1.9, 0.692, 0.2, 0.085, 0.3, 0.092, 0.023
1628404, Josh Hart, 1610612747, LAL, 67, 31, 36, 25.6, 1.8, 0.3, 0.7, 0.36, 0.1, 0.2, 0.75, 0.7, 0.378, 0.7, 0.387, 0.1, 0.084, 0.2, 0.109, 0.05
1628367, Josh Jackson, 1610612756, PHX, 76, 18, 58, 24.6, 6.8, 1.5, 3.8, 0.384, 1.1, 1.4, 0.755, 4.1, 0.596, 1.5, 0.217, 0.4, 0.064, 0.6, 0.095, 0.103
1629006, Josh Okogie, 1610612750, MIN, 69, 30, 39, 23.5, 3.1, 0.6, 1.3, 0.422, 0.4, 0.6, 0.763, 1.6, 0.514, 1.2, 0.387, 0.3, 0.108, 0.2, 0.071, 0.09
1626196, Josh Richardson, 1610612748, MIA, 73, 35, 38, 34.8, 10.1, 1.6, 4.0, 0.399, 1.0, 1.2, 0.841, 4.2, 0.419, 4.6, 0.451, 1.2, 0.118, 0.5, 0.051, 0.06
201950, Jrue Holiday, 1610612740, NOP, 67, 30, 37, 35.9, 16.6, 4.0, 7.7, 0.52, 1.4, 2.0, 0.727, 9.7, 0.589, 6.3, 0.381, 1.7, 0.106, 0.9, 0.055, 0.06
1627823, Juancho Hernangomez, 1610612743, DEN, 68, 44, 24, 19.5, 0.8, 0.1, 0.4, 0.241, 0.1, 0.1, 0.9, 0.3, 0.418, 0.2, 0.236, 0.0, 0.0, 0.1, 0.073, 0.091
1627395, Julian Washburn, 1610612763, MEM, 13, 5, 8, 12.8, 1.1, 0.1, 0.3, 0.25, 0.0, 0.0, 0.0, 0.2, 0.143, 0.7, 0.643, 0.1, 0.071, 0.1, 0.071, 0.0
203944, Julius Randle, 1610612740, NOP, 72, 31, 41, 30.5, 7.0, 2.0, 3.6, 0.565, 1.1, 1.5, 0.745, 5.4, 0.761, 2.0, 0.278, 0.5, 0.065, 0.6, 0.079, 0.099
1626147, Justin Anderson, 1610612737, ATL, 45, 17, 28, 9.0, 1.3, 0.2, 0.7, 0.355, 0.1, 0.2, 0.5, 0.6, 0.439, 0.4, 0.298, 0.0, 0.035, 0.1, 0.088, 0.053
203200, Justin Holiday, 1610612763, MEM, 76, 23, 53, 31.6, 2.6, 0.3, 0.9, 0.333, 0.1, 0.2, 0.917, 0.8, 0.307, 1.3, 0.482, 0.3, 0.131, 0.3, 0.111, 0.03
1628382, Justin Jackson, 1610612742, DAL, 77, 34, 43, 19.6, 1.5, 0.4, 1.0, 0.459, 0.3, 0.4, 0.719, 1.2, 0.79, 0.3, 0.21, 0.1, 0.084, 0.0, 0.025, 0.126
1628383, Justin Patton, 1610612755, PHI, 3, 2, 1, 6.9, 0.0, 0.0, 0.0, 0.0, 0.0, 0.0, 0.0, 0.0, 0.0, 0.0, 0.0, 0.0, 0.0, 0.0, 0.0, 0.0
1626159, Justise Winslow, 1610612748, MIA, 62, 29, 33, 29.6, 8.9, 1.9, 4.4, 0.434, 0.6, 0.9, 0.625, 4.4, 0.496, 3.1, 0.35, 1.0, 0.109, 0.8, 0.091, 0.051
203994, Jusuf Nurkic, 1610612757, POR, 72, 45, 27, 27.4, 0.7, 0.2, 0.5, 0.471, 0.2, 0.2, 0.867, 0.6, 0.92, 0.1, 0.08, 0.0, 0.02, 0.1, 0.08, 0.14
1628443, Kadeem Allen, 1610612752, NYK, 18, 3, 15, 21.5, 9.7, 1.8, 3.6, 0.492, 1.3, 1.5, 0.852, 4.8, 0.497, 4.4, 0.451, 1.5, 0.154, 0.7, 0.074, 0.074
203564, Kalin Lucas, 1610612765, DET, 1, 0, 1, 5.6, 2.0, 0.0, 0.0, 0.0, 2.0, 2.0, 1.0, 2.0, 1.0, 1.0, 0.5, 0.0, 0.0, 0.0, 0.0, 0.5
1626157, Karl-Anthony Towns, 1610612750, MIN, 74, 32, 42, 33.1, 3.6, 1.1, 2.0, 0.547, 0.7, 0.8, 0.875, 2.9, 0.816, 0.7, 0.199, 0.2, 0.052, 0.4, 0.097, 0.101
202695, Kawhi Leonard, 1610612761, TOR, 57, 39, 18, 34.2, 13.7, 3.4, 6.1, 0.549, 2.4, 2.7, 0.89, 9.5, 0.691, 5.0, 0.367, 0.9, 0.064, 0.6, 0.047, 0.097
1628966, Keita Bates-Diop, 1610612750, MIN, 25, 8, 17, 16.1, 1.0, 0.3, 0.7, 0.412, 0.2, 0.2, 1.0, 0.8, 0.769, 0.2, 0.192, 0.0, 0.0, 0.0, 0.038, 0.115
203482, Kelly Olynyk, 1610612748, MIA, 75, 38, 37, 23.1, 2.1, 0.5, 0.8, 0.54, 0.4, 0.5, 0.853, 1.3, 0.627, 0.7, 0.348, 0.2, 0.095, 0.3, 0.12, 0.101
1626162, Kelly Oubre Jr., 1610612756, PHX, 69, 21, 48, 28.0, 6.0, 1.6, 3.6, 0.447, 1.2, 1.5, 0.794, 4.5, 0.748, 0.9, 0.155, 0.2, 0.036, 0.6, 0.097, 0.121
202689, Kemba Walker, 1610612766, CHA, 77, 36, 41, 34.8, 15.2, 3.3, 6.9, 0.483, 2.1, 2.4, 0.85, 8.9, 0.583, 5.6, 0.371, 1.6, 0.105, 0.9, 0.06, 0.077
202702, Kenneth Faried, 1610612745, HOU, 34, 18, 16, 20.0, 0.6, 0.2, 0.4, 0.467, 0.1, 0.1, 0.75, 0.5, 0.81, 0.1, 0.095, 0.0, 0.0, 0.1, 0.095, 0.095
1629026, Kenrich Williams, 1610612740, NOP, 43, 16, 27, 22.8, 1.8, 0.3, 0.7, 0.393, 0.0, 0.0, 1.0, 0.6, 0.312, 1.0, 0.558, 0.3, 0.143, 0.1, 0.065, 0.013
203145, Kent Bazemore, 1610612737, ATL, 65, 24, 41, 24.6, 6.8, 1.2, 3.0, 0.404, 0.8, 1.0, 0.731, 3.3, 0.479, 2.2, 0.316, 0.4, 0.054, 0.7, 0.104, 0.079
203484, Kentavious Caldwell-Pope, 1610612747, LAL, 77, 34, 43, 24.1, 1.5, 0.4, 0.8, 0.443, 0.1, 0.1, 0.778, 0.8, 0.521, 0.6, 0.37, 0.1, 0.092, 0.1, 0.067, 0.034
201142, Kevin Durant, 1610612744, GSW, 73, 51, 22, 34.9, 7.8, 2.1, 3.9, 0.537, 1.6, 1.8, 0.885, 5.9, 0.765, 2.2, 0.279, 0.7, 0.092, 0.5, 0.071, 0.113
1628989, Kevin Huerter, 1610612737, ATL, 73, 27, 46, 27.3, 4.7, 0.9, 2.3, 0.41, 0.3, 0.4, 0.815, 2.2, 0.461, 1.8, 0.391, 0.5, 0.116, 0.4, 0.075, 0.038
1628995, Kevin Knox, 1610612752, NYK, 70, 13, 57, 28.6, 5.2, 1.4, 3.4, 0.404, 1.1, 1.5, 0.767, 3.9, 0.76, 0.7, 0.127, 0.2, 0.03, 0.4, 0.069, 0.138
201567, Kevin Love, 1610612739, CLE, 21, 7, 14, 27.9, 1.9, 0.3, 0.7, 0.467, 0.3, 0.4, 0.875, 1.0, 0.525, 0.9, 0.45, 0.2, 0.125, 0.1, 0.075, 0.075
1626172, Kevon Looney, 1610612744, GSW, 74, 52, 22, 19.0, 0.5, 0.1, 0.2, 0.588, 0.1, 0.2, 0.333, 0.4, 0.667, 0.2, 0.385, 0.0, 0.077, 0.0, 0.026, 0.154
203920, Khem Birch, 1610612753, ORL, 47, 23, 24, 12.6, 0.4, 0.1, 0.2, 0.444, 0.2, 0.3, 0.833, 0.4, 0.9, 0.1, 0.25, 0.0, 0.1, 0.0, 0.0, 0.3
203114, Khris Middleton, 1610612749, MIL, 73, 54, 19, 31.5, 7.8, 1.8, 3.5, 0.512, 0.7, 0.8, 0.842, 4.3, 0.554, 3.1, 0.391, 0.9, 0.119, 0.7, 0.084, 0.047
1629017, Khyri Thomas, 1610612765, DET, 24, 12, 12, 7.9, 1.2, 0.2, 0.5, 0.364, 0.0, 0.1, 0.0, 0.3, 0.286, 0.5, 0.393, 0.0, 0.036, 0.1, 0.107, 0.036
202691, Klay Thompson, 1610612744, GSW, 73, 52, 21, 34.2, 4.5, 0.9, 1.8, 0.515, 0.3, 0.4, 0.923, 2.2, 0.48, 2.1, 0.465, 0.6, 0.124, 0.3, 0.073, 0.039
1628424, Kobi Simmons, 1610612739, CLE, 1, 0, 1, 1.8, 0.0, 0.0, 0.0, 0.0, 0.0, 0.0, 0.0, 0.0, 0.0, 0.0, 0.0, 0.0, 0.0, 0.0, 0.0, 0.0
201585, Kosta Koufos, 1610612758, SAC, 40, 20, 20, 11.9, 0.4, 0.1, 0.3, 0.3, 0.0, 0.0, 0.0, 0.2, 0.429, 0.1, 0.214, 0.0, 0.0, 0.0, 0.0, 0.0
1628961, Kostas Antetokounmpo, 1610612742, DAL, 2, 1, 1, 5.3, 0.5, 0.0, 0.5, 0.0, 0.0, 0.0, 0.0, 0.0, 0.0, 0.0, 0.0, 0.0, 0.0, 0.0, 0.0, 0.0
1627739, Kris Dunn, 1610612741, CHI, 45, 14, 31, 30.3, 11.7, 2.4, 5.6, 0.438, 0.6, 0.7, 0.813, 5.5, 0.474, 4.8, 0.408, 1.3, 0.11, 0.8, 0.065, 0.03
203937, Kyle Anderson, 1610612763, MEM, 43, 19, 24, 29.8, 3.7, 0.7, 1.7, 0.451, 0.2, 0.3, 0.692, 1.7, 0.447, 1.7, 0.453, 0.4, 0.112, 0.2, 0.043, 0.037
2594, Kyle Korver, 1610612762, UTA, 68, 38, 30, 19.1, 1.0, 0.2, 0.4, 0.464, 0.1, 0.1, 1.0, 0.4, 0.441, 0.4, 0.441, 0.1, 0.059, 0.1, 0.088, 0.029
1628398, Kyle Kuzma, 1610612747, LAL, 69, 32, 37, 33.1, 6.1, 1.7, 3.1, 0.544, 0.7, 0.9, 0.817, 4.2, 0.686, 1.8, 0.29, 0.5, 0.083, 0.5, 0.086, 0.074
200768, Kyle Lowry, 1610612761, TOR, 63, 46, 17, 33.9, 7.8, 1.1, 2.1, 0.53, 0.5, 0.7, 0.829, 2.8, 0.365, 4.5, 0.578, 1.4, 0.178, 0.5, 0.067, 0.041
203124, Kyle O'Quinn, 1610612754, IND, 42, 26, 16, 8.3, 0.2, 0.1, 0.1, 0.667, 0.0, 0.0, 0.5, 0.2, 1.125, 0.0, 0.125, 0.0, 0.125, 0.0, 0.0, 0.125
202681, Kyrie Irving, 1610612738, BOS, 65, 36, 29, 33.1, 11.5, 3.2, 5.9, 0.547, 1.1, 1.3, 0.86, 7.8, 0.676, 4.0, 0.351, 1.1, 0.094, 0.5, 0.044, 0.054
200746, LaMarcus Aldridge, 1610612759, SAS, 77, 44, 33, 33.2, 1.0, 0.3, 0.6, 0.479, 0.1, 0.1, 0.875, 0.7, 0.743, 0.2, 0.189, 0.1, 0.054, 0.1, 0.081, 0.054
202362, Lance Stephenson, 1610612747, LAL, 66, 32, 34, 16.3, 4.0, 0.7, 1.5, 0.5, 0.4, 0.6, 0.658, 1.9, 0.472, 1.8, 0.438, 0.4, 0.094, 0.4, 0.091, 0.075
202498, Lance Thomas, 1610612752, NYK, 45, 7, 38, 17.0, 1.3, 0.3, 0.8, 0.441, 0.3, 0.4, 0.75, 0.9, 0.737, 0.2, 0.175, 0.1, 0.053, 0.1, 0.07, 0.14
1629013, Landry Shamet, 1610612746, LAC, 75, 50, 25, 22.5, 1.5, 0.3, 0.7, 0.392, 0.1, 0.1, 1.0, 0.6, 0.421, 0.7, 0.447, 0.1, 0.096, 0.1, 0.061, 0.035
204038, Langston Galloway, 1610612765, DET, 76, 39, 37, 21.8, 2.1, 0.4, 1.0, 0.405, 0.2, 0.2, 0.929, 1.0, 0.497, 0.9, 0.409, 0.2, 0.107, 0.1, 0.025, 0.038
1626204, Larry Nance Jr., 1610612739, CLE, 63, 16, 47, 26.4, 1.7, 0.3, 0.7, 0.512, 0.1, 0.2, 0.571, 0.8, 0.473, 0.8, 0.482, 0.2, 0.136, 0.1, 0.073, 0.064
1628374, Lauri Markkanen, 1610612741, CHI, 51, 16, 35, 32.4, 6.0, 1.7, 3.6, 0.467, 0.8, 1.0, 0.796, 4.1, 0.684, 1.3, 0.218, 0.2, 0.029, 0.4, 0.072, 0.081
2544, LeBron James, 1610612747, LAL, 54, 27, 27, 35.3, 12.3, 3.1, 5.8, 0.53, 1.9, 3.0, 0.628, 8.3, 0.675, 3.9, 0.316, 1.3, 0.104, 0.7, 0.054, 0.116
1629022, Lonnie Walker IV, 1610612759, SAS, 14, 9, 5, 6.9, 1.3, 0.1, 0.5, 0.286, 0.5, 0.6, 0.875, 0.8, 0.611, 0.4, 0.333, 0.1, 0.056, 0.0, 0.0, 0.222
1628366, Lonzo Ball, 1610612747, LAL, 47, 25, 22, 30.3, 5.0, 0.6, 1.8, 0.345, 0.1, 0.2, 0.375, 1.3, 0.261, 2.5, 0.509, 0.8, 0.167, 0.5, 0.094, 0.017
203485, Lorenzo Brown, 1610612761, TOR, 26, 20, 6, 8.2, 1.7, 0.2, 0.7, 0.222, 0.0, 0.0, 0.0, 0.3, 0.186, 0.6, 0.372, 0.1, 0.07, 0.3, 0.209, 0.0
101150, Lou Williams, 1610612746, LAC, 71, 46, 25, 26.5, 12.3, 3.1, 6.5, 0.478, 2.0, 2.3, 0.872, 8.4, 0.682, 3.8, 0.309, 1.2, 0.1, 0.6, 0.053, 0.089
201601, Luc Mbah a Moute, 1610612746, LAC, 4, 2, 2, 15.3, 3.0, 0.5, 1.3, 0.4, 0.3, 1.0, 0.25, 1.5, 0.5, 1.0, 0.333, 0.5, 0.167, 0.3, 0.083, 0.167
1629029, Luka Doncic, 1610612742, DAL, 71, 27, 44, 32.2, 14.7, 2.8, 5.8, 0.488, 1.7, 2.5, 0.689, 7.5, 0.51, 6.4, 0.436, 1.7, 0.119, 0.9, 0.06, 0.08
1628379, Luke Kennard, 1610612765, DET, 59, 28, 31, 22.8, 4.1, 0.6, 1.4, 0.432, 0.1, 0.1, 0.714, 1.3, 0.311, 2.2, 0.541, 0.5, 0.119, 0.4, 0.098, 0.012
1628436, Luke Kornet, 1610612752, NYK, 41, 7, 34, 15.3, 0.8, 0.0, 0.3, 0.143, 0.1, 0.2, 0.556, 0.2, 0.265, 0.3, 0.324, 0.0, 0.059, 0.0, 0.059, 0.118
2736, Luol Deng, 1610612750, MIN, 22, 11, 11, 17.8, 1.3, 0.2, 0.6, 0.308, 0.3, 0.4, 0.75, 0.6, 0.483, 0.4, 0.31, 0.0, 0.034, 0.1, 0.103, 0.138
1627781, Malachi Richardson, 1610612761, TOR, 22, 16, 6, 4.7, 0.4, 0.0, 0.1, 0.0, 0.1, 0.2, 0.75, 0.1, 0.333, 0.2, 0.444, 0.0, 0.0, 0.0, 0.111, 0.222
1627763, Malcolm Brogdon, 1610612749, MIL, 64, 49, 15, 28.6, 10.1, 2.7, 5.0, 0.533, 0.9, 1.0, 0.894, 6.5, 0.636, 3.7, 0.367, 0.8, 0.074, 0.6, 0.06, 0.051
1626259, Malcolm Miller, 1610612761, TOR, 9, 8, 1, 6.5, 0.3, 0.0, 0.2, 0.0, 0.0, 0.0, 0.0, 0.0, 0.0, 0.1, 0.333, 0.0, 0.0, 0.0, 0.0, 0.0
1627736, Malik Beasley, 1610612743, DEN, 75, 50, 25, 23.4, 2.3, 0.7, 1.5, 0.477, 0.3, 0.3, 0.917, 1.7, 0.731, 0.5, 0.229, 0.2, 0.086, 0.1, 0.046, 0.069
1628370, Malik Monk, 1610612766, CHA, 68, 31, 37, 17.3, 5.3, 0.7, 1.9, 0.383, 0.6, 0.7, 0.88, 2.2, 0.405, 2.2, 0.419, 0.7, 0.129, 0.6, 0.113, 0.072
202705, MarShon Brooks, 1610612763, MEM, 29, 15, 14, 13.3, 4.0, 1.1, 2.0, 0.544, 0.2, 0.4, 0.417, 2.3, 0.586, 1.4, 0.345, 0.1, 0.034, 0.3, 0.078, 0.052
201188, Marc Gasol, 1610612761, TOR, 76, 37, 39, 31.0, 1.5, 0.4, 0.8, 0.492, 0.2, 0.2, 0.813, 1.0, 0.624, 0.5, 0.35, 0.1, 0.06, 0.1, 0.043, 0.077
101162, Marcin Gortat, 1610612746, LAC, 47, 25, 22, 16.0, 0.1, 0.0, 0.1, 0.667, 0.0, 0.0, 0.0, 0.1, 1.0, 0.0, 0.25, 0.0, 0.0, 0.0, 0.0, 0.0
201158, Marco Belinelli, 1610612759, SAS, 76, 43, 33, 23.1, 2.0, 0.4, 0.9, 0.433, 0.3, 0.4, 0.867, 1.1, 0.556, 0.7, 0.366, 0.2, 0.085, 0.1, 0.065, 0.092
1629094, Marcus Derrickson, 1610612744, GSW, 9, 8, 1, 6.0, 0.0, 0.0, 0.0, 0.0, 0.0, 0.0, 0.0, 0.0, 0.0, 0.0, 0.0, 0.0, 0.0, 0.0, 0.0, 0.0
202694, Marcus Morris, 1610612738, BOS, 73, 43, 30, 27.9, 3.1, 1.0, 2.0, 0.517, 0.4, 0.5, 0.789, 2.5, 0.797, 0.6, 0.207, 0.2, 0.048, 0.2, 0.062, 0.075
203935, Marcus Smart, 1610612738, BOS, 78, 47, 31, 27.6, 3.5, 0.6, 1.2, 0.5, 0.3, 0.3, 0.852, 1.5, 0.418, 1.8, 0.513, 0.5, 0.153, 0.3, 0.08, 0.044
1626209, Mario Hezonja, 1610612752, NYK, 54, 11, 43, 20.2, 4.3, 0.9, 2.4, 0.359, 0.6, 0.8, 0.814, 2.4, 0.551, 1.1, 0.244, 0.2, 0.056, 0.4, 0.09, 0.094
1628365, Markelle Fultz, 1610612753, ORL, 19, 12, 7, 22.5, 7.4, 1.8, 3.5, 0.515, 0.6, 0.8, 0.688, 4.2, 0.571, 2.8, 0.386, 0.5, 0.064, 0.5, 0.071, 0.064
202693, Markieff Morris, 1610612760, OKC, 53, 20, 33, 22.2, 1.1, 0.2, 0.7, 0.342, 0.1, 0.2, 0.875, 0.6, 0.576, 0.3, 0.237, 0.1, 0.119, 0.0, 0.034, 0.068
1627737, Marquese Chriss, 1610612739, CLE, 39, 17, 22, 11.5, 0.7, 0.1, 0.3, 0.25, 0.2, 0.3, 0.7, 0.3, 0.464, 0.1, 0.143, 0.0, 0.0, 0.2, 0.25, 0.179
1628963, Marvin Bagley III, 1610612758, SAC, 58, 29, 29, 25.1, 1.7, 0.5, 1.1, 0.422, 0.4, 0.4, 0.957, 1.3, 0.752, 0.2, 0.129, 0.1, 0.04, 0.2, 0.099, 0.109
101107, Marvin Williams, 1610612766, CHA, 74, 35, 39, 28.4, 1.3, 0.4, 0.9, 0.449, 0.2, 0.2, 0.75, 1.0, 0.755, 0.2, 0.143, 0.1, 0.041, 0.0, 0.031, 0.092
203486, Mason Plumlee, 1610612743, DEN, 76, 51, 25, 20.9, 1.3, 0.3, 0.5, 0.561, 0.1, 0.3, 0.55, 0.8, 0.58, 0.5, 0.35, 0.1, 0.05, 0.1, 0.09, 0.1
203521, Matthew Dellavedova, 1610612739, CLE, 48, 20, 28, 16.9, 4.8, 0.9, 1.9, 0.473, 0.3, 0.5, 0.727, 2.2, 0.455, 2.2, 0.45, 0.7, 0.147, 0.3, 0.069, 0.052
203090, Maurice Harkless, 1610612757, POR, 56, 34, 22, 23.3, 1.4, 0.3, 0.8, 0.413, 0.2, 0.3, 0.733, 0.9, 0.605, 0.4, 0.284, 0.2, 0.136, 0.1, 0.062, 0.086
1628467, Maxi Kleber, 1610612742, DAL, 69, 29, 40, 21.2, 1.2, 0.3, 0.5, 0.486, 0.1, 0.2, 0.75, 0.7, 0.573, 0.4, 0.354, 0.1, 0.049, 0.1, 0.061, 0.073
1628982, Melvin Frazier Jr., 1610612753, ORL, 9, 7, 2, 4.4, 0.9, 0.1, 0.6, 0.2, 0.1, 0.2, 0.5, 0.3, 0.375, 0.2, 0.25, 0.0, 0.0, 0.0, 0.0, 0.125
203086, Meyers Leonard, 1610612757, POR, 59, 34, 25, 14.0, 0.4, 0.1, 0.2, 0.5, 0.1, 0.1, 0.75, 0.2, 0.591, 0.1, 0.364, 0.1, 0.182, 0.0, 0.091, 0.091
201563, Michael Beasley, 1610612747, LAL, 26, 11, 15, 10.7, 3.7, 1.3, 2.6, 0.493, 0.3, 0.4, 0.8, 3.0, 0.832, 0.7, 0.179, 0.2, 0.042, 0.2, 0.053, 0.053
203487, Michael Carter-Williams, 1610612753, ORL, 25, 14, 11, 12.5, 5.8, 0.8, 2.0, 0.388, 0.5, 1.0, 0.52, 2.0, 0.349, 2.8, 0.486, 0.6, 0.096, 0.2, 0.034, 0.089
203077, Michael Kidd-Gilchrist, 1610612766, CHA, 61, 28, 33, 18.8, 2.2, 0.6, 1.4, 0.409, 0.3, 0.3, 0.947, 1.5, 0.677, 0.4, 0.173, 0.0, 0.023, 0.2, 0.083, 0.068
1628969, Mikal Bridges, 1610612756, PHX, 79, 18, 61, 29.0, 2.5, 0.5, 1.1, 0.438, 0.2, 0.3, 0.727, 1.2, 0.487, 0.9, 0.371, 0.3, 0.112, 0.2, 0.086, 0.051
201144, Mike Conley, 1610612763, MEM, 70, 30, 40, 33.5, 13.3, 2.9, 6.1, 0.482, 2.0, 2.2, 0.879, 8.1, 0.604, 5.2, 0.392, 1.1, 0.085, 0.5, 0.041, 0.077
203488, Mike Muscala, 1610612747, LAL, 60, 33, 27, 19.7, 0.3, 0.1, 0.1, 0.5, 0.1, 0.1, 1.0, 0.2, 0.5, 0.2, 0.45, 0.0, 0.05, 0.1, 0.15, 0.1
203118, Mike Scott, 1610612755, PHI, 76, 42, 34, 17.3, 0.8, 0.1, 0.4, 0.258, 0.1, 0.1, 0.625, 0.3, 0.356, 0.2, 0.254, 0.1, 0.085, 0.1, 0.136, 0.068
1628970, Miles Bridges, 1610612766, CHA, 75, 35, 40, 20.4, 2.5, 0.7, 1.4, 0.463, 0.3, 0.4, 0.759, 1.7, 0.668, 0.7, 0.273, 0.1, 0.059, 0.2, 0.064, 0.075
203101, Miles Plumlee, 1610612737, ATL, 18, 1, 17, 9.6, 0.4, 0.2, 0.3, 0.6, 0.0, 0.0, 0.0, 0.3, 0.857, 0.1, 0.143, 0.0, 0.0, 0.1, 0.143, 0.0
1628462, Milos Teodosic, 1610612746, LAC, 15, 8, 7, 10.0, 2.7, 0.3, 0.4, 0.667, 0.1, 0.1, 1.0, 0.7, 0.244, 1.9, 0.683, 0.5, 0.171, 0.3, 0.122, 0.024
1628249, Mitchell Creek, 1610612750, MIN, 4, 1, 3, 8.9, 0.5, 0.3, 0.3, 1.0, 0.0, 0.0, 0.0, 0.5, 1.0, 0.3, 0.5, 0.0, 0.0, 0.0, 0.0, 0.0
1629011, Mitchell Robinson, 1610612752, NYK, 61, 14, 47, 20.1, 0.0, 0.0, 0.0, 0.0, 0.0, 0.0, 0.0, 0.0, 0.0, 0.0, 0.0, 0.0, 0.0, 0.0, 0.0, 0.0
1628964, Mo Bamba, 1610612753, ORL, 45, 17, 28, 16.3, 0.4, 0.0, 0.2, 0.182, 0.1, 0.2, 0.625, 0.2, 0.5, 0.0, 0.056, 0.0, 0.0, 0.0, 0.111, 0.222
1628420, Monte Morris, 1610612743, DEN, 76, 51, 25, 24.2, 5.3, 1.6, 2.9, 0.576, 0.3, 0.3, 0.88, 3.6, 0.675, 2.1, 0.402, 0.6, 0.107, 0.1, 0.02, 0.025
1626149, Montrezl Harrell, 1610612746, LAC, 78, 47, 31, 26.3, 1.5, 0.5, 1.0, 0.547, 0.3, 0.4, 0.625, 1.3, 0.921, 0.1, 0.079, 0.0, 0.018, 0.1, 0.088, 0.14
1629021, Moritz Wagner, 1610612747, LAL, 38, 12, 26, 9.7, 1.3, 0.3, 0.6, 0.5, 0.3, 0.3, 0.917, 0.9, 0.706, 0.4, 0.275, 0.1, 0.039, 0.1, 0.098, 0.098
1626167, Myles Turner, 1610612754, IND, 72, 43, 29, 28.8, 0.7, 0.3, 0.4, 0.655, 0.2, 0.3, 0.619, 0.7, 0.981, 0.1, 0.154, 0.1, 0.077, 0.1, 0.077, 0.192
1628513, Naz Mitrou-Long, 1610612762, UTA, 11, 7, 4, 4.1, 1.9, 0.2, 0.4, 0.5, 0.0, 0.0, 0.0, 0.4, 0.19, 1.3, 0.667, 0.3, 0.143, 0.2, 0.095, 0.0
202357, Nemanja Bjelica, 1610612758, SAC, 73, 37, 36, 23.3, 3.0, 0.6, 1.4, 0.42, 0.2, 0.3, 0.667, 1.4, 0.459, 1.0, 0.345, 0.4, 0.123, 0.4, 0.118, 0.045
2403, Nene, 1610612745, HOU, 39, 27, 12, 13.2, 0.5, 0.2, 0.3, 0.545, 0.1, 0.1, 1.0, 0.4, 0.714, 0.1, 0.238, 0.0, 0.0, 0.0, 0.048, 0.048
203457, Nerlens Noel, 1610612760, OKC, 72, 44, 28, 13.8, 0.3, 0.1, 0.1, 0.556, 0.1, 0.1, 0.875, 0.3, 0.947, 0.1, 0.211, 0.0, 0.0, 0.0, 0.105, 0.211
201156, Nick Young, 1610612743, DEN, 4, 3, 1, 9.3, 0.3, 0.0, 0.3, 0.0, 0.0, 0.0, 0.0, 0.0, 0.0, 0.0, 0.0, 0.0, 0.0, 0.0, 0.0, 0.0
201587, Nicolas Batum, 1610612766, CHA, 71, 32, 39, 31.9, 3.4, 0.8, 1.4, 0.529, 0.2, 0.3, 0.944, 1.8, 0.525, 1.5, 0.43, 0.3, 0.082, 0.3, 0.078, 0.037
203917, Nik Stauskas, 1610612739, CLE, 65, 33, 32, 15.0, 2.8, 0.5, 1.0, 0.508, 0.2, 0.2, 0.917, 1.2, 0.411, 1.5, 0.519, 0.4, 0.157, 0.2, 0.076, 0.032
203999, Nikola Jokic, 1610612743, DEN, 75, 50, 25, 31.2, 3.7, 0.9, 1.6, 0.525, 0.5, 0.6, 0.857, 2.3, 0.608, 1.3, 0.349, 0.4, 0.101, 0.3, 0.094, 0.079
202703, Nikola Mirotic, 1610612749, MIL, 46, 24, 22, 27.1, 1.2, 0.2, 0.7, 0.333, 0.2, 0.2, 0.7, 0.6, 0.527, 0.3, 0.273, 0.2, 0.145, 0.0, 0.036, 0.091
202696, Nikola Vucevic, 1610612753, ORL, 76, 37, 39, 31.4, 2.4, 0.7, 1.2, 0.543, 0.3, 0.4, 0.733, 1.7, 0.7, 0.7, 0.294, 0.1, 0.061, 0.2, 0.083, 0.083
203943, Noah Vonleh, 1610612752, NYK, 67, 13, 54, 25.3, 2.4, 0.6, 1.2, 0.469, 0.4, 0.6, 0.732, 1.6, 0.69, 0.6, 0.234, 0.1, 0.032, 0.3, 0.108, 0.127
1626181, Norman Powell, 1610612761, TOR, 57, 43, 14, 18.7, 5.1, 1.1, 2.2, 0.512, 0.5, 0.5, 0.867, 2.7, 0.532, 2.1, 0.403, 0.4, 0.082, 0.5, 0.096, 0.048
1628384, OG Anunoby, 1610612761, TOR, 64, 44, 20, 20.3, 2.3, 0.5, 1.0, 0.455, 0.1, 0.2, 0.545, 1.0, 0.452, 0.9, 0.404, 0.2, 0.075, 0.2, 0.089, 0.041
1627855, Okaro White, 1610612764, WAS, 3, 2, 1, 2.1, 0.0, 0.0, 0.0, 0.0, 0.0, 0.0, 0.0, 0.0, 0.0, 0.0, 0.0, 0.0, 0.0, 0.0, 0.0, 0.0
1629016, Omari Spellman, 1610612737, ATL, 46, 15, 31, 17.5, 0.7, 0.1, 0.2, 0.3, 0.1, 0.2, 0.857, 0.3, 0.364, 0.3, 0.455, 0.1, 0.091, 0.1, 0.091, 0.121
201956, Omri Casspi, 1610612763, MEM, 36, 14, 22, 14.5, 2.1, 0.6, 1.2, 0.465, 0.2, 0.3, 0.667, 1.4, 0.649, 0.6, 0.286, 0.1, 0.065, 0.1, 0.052, 0.078
203490, Otto Porter Jr., 1610612741, CHI, 55, 24, 31, 30.0, 3.0, 0.9, 1.6, 0.522, 0.3, 0.4, 0.81, 2.1, 0.681, 1.0, 0.331, 0.3, 0.096, 0.2, 0.06, 0.054
1628408, PJ Dozier, 1610612738, BOS, 5, 4, 1, 2.7, 0.0, 0.0, 0.0, 0.0, 0.0, 0.0, 0.0, 0.0, 0.0, 0.0, 0.0, 0.0, 0.0, 0.0, 0.0, 0.0
200782, PJ Tucker, 1610612745, HOU, 78, 50, 28, 34.6, 1.3, 0.2, 0.4, 0.375, 0.1, 0.1, 0.8, 0.4, 0.311, 0.7, 0.534, 0.2, 0.126, 0.1, 0.058, 0.049
1627783, Pascal Siakam, 1610612761, TOR, 77, 55, 22, 32.0, 7.7, 2.1, 3.7, 0.57, 1.2, 1.4, 0.818, 5.4, 0.703, 2.6, 0.338, 0.6, 0.072, 0.5, 0.067, 0.087
1626192, Pat Connaughton, 1610612749, MIL, 57, 41, 16, 20.3, 2.3, 0.4, 0.8, 0.489, 0.2, 0.3, 0.824, 1.0, 0.436, 1.2, 0.511, 0.3, 0.135, 0.2, 0.075, 0.06
201976, Patrick Beverley, 1610612746, LAC, 77, 47, 30, 27.5, 5.0, 0.7, 1.8, 0.404, 0.4, 0.5, 0.805, 1.8, 0.366, 2.5, 0.505, 0.6, 0.116, 0.3, 0.057, 0.052
1627775, Patrick McCaw, 1610612761, TOR, 29, 17, 12, 13.7, 1.6, 0.2, 0.6, 0.333, 0.1, 0.1, 0.75, 0.5, 0.319, 0.8, 0.468, 0.2, 0.106, 0.1, 0.043, 0.043
202335, Patrick Patterson, 1610612760, OKC, 61, 38, 23, 14.0, 0.3, 0.0, 0.1, 0.286, 0.0, 0.0, 0.0, 0.1, 0.25, 0.1, 0.563, 0.0, 0.125, 0.0, 0.0, 0.0
201988, Patty Mills, 1610612759, SAS, 78, 44, 34, 23.5, 3.7, 0.6, 1.1, 0.537, 0.1, 0.2, 0.833, 1.3, 0.347, 2.2, 0.611, 0.4, 0.123, 0.1, 0.039, 0.021
2200, Pau Gasol, 1610612749, MIL, 30, 17, 13, 12.0, 0.6, 0.2, 0.4, 0.455, 0.0, 0.0, 0.0, 0.3, 0.556, 0.2, 0.278, 0.0, 0.056, 0.0, 0.0, 0.0
202331, Paul George, 1610612760, OKC, 73, 43, 30, 36.8, 9.9, 2.1, 4.4, 0.477, 1.7, 2.2, 0.79, 6.2, 0.622, 3.3, 0.33, 0.9, 0.095, 0.7, 0.068, 0.109
200794, Paul Millsap, 1610612743, DEN, 65, 46, 19, 27.0, 3.1, 0.8, 1.7, 0.477, 0.5, 0.7, 0.682, 2.2, 0.695, 0.7, 0.232, 0.2, 0.059, 0.2, 0.064, 0.103
203112, Quincy Acy, 1610612756, PHX, 10, 2, 8, 12.3, 0.2, 0.0, 0.0, 0.0, 0.0, 0.0, 0.0, 0.0, 0.0, 0.2, 1.0, 0.0, 0.0, 0.0, 0.0, 0.0
202347, Quincy Pondexter, 1610612759, SAS, 50, 26, 24, 5.6, 1.0, 0.2, 0.3, 0.5, 0.3, 0.4, 0.81, 0.7, 0.708, 0.4, 0.375, 0.1, 0.083, 0.1, 0.063, 0.208
1626188, Quinn Cook, 1610612744, GSW, 68, 45, 23, 13.8, 2.4, 0.5, 1.1, 0.431, 0.1, 0.1, 1.0, 1.0, 0.435, 1.0, 0.435, 0.2, 0.087, 0.2, 0.068, 0.019
200765, Rajon Rondo, 1610612747, LAL, 43, 17, 26, 29.5, 9.4, 1.9, 4.3, 0.437, 0.3, 0.4, 0.688, 4.0, 0.426, 4.1, 0.433, 1.1, 0.121, 0.8, 0.081, 0.02
203526, Raul Neto, 1610612762, UTA, 36, 25, 11, 13.0, 7.2, 1.1, 2.2, 0.513, 0.5, 0.5, 0.895, 2.7, 0.373, 4.0, 0.554, 1.1, 0.158, 0.4, 0.062, 0.038
1628959, Rawle Alkins, 1610612741, CHI, 7, 3, 4, 9.7, 2.4, 0.1, 0.7, 0.2, 0.3, 0.6, 0.5, 0.6, 0.235, 1.3, 0.529, 0.3, 0.118, 0.1, 0.059, 0.118
1629034, Ray Spalding, 1610612756, PHX, 11, 2, 9, 6.9, 0.1, 0.0, 0.0, 0.0, 0.1, 0.2, 0.5, 0.1, 1.0, 0.0, 0.0, 0.0, 0.0, 0.0, 0.0, 1.0
101109, Raymond Felton, 1610612760, OKC, 28, 15, 13, 11.5, 2.1, 0.4, 1.1, 0.4, 0.1, 0.1, 1.0, 1.0, 0.467, 0.8, 0.383, 0.3, 0.15, 0.1, 0.033, 0.033
203493, Reggie Bullock, 1610612747, LAL, 63, 27, 36, 29.8, 2.1, 0.4, 0.9, 0.414, 0.1, 0.2, 0.9, 0.9, 0.44, 0.9, 0.425, 0.2, 0.112, 0.2, 0.075, 0.037
202704, Reggie Jackson, 1610612765, DET, 78, 39, 39, 28.1, 8.8, 2.0, 4.4, 0.463, 0.6, 0.8, 0.758, 4.9, 0.552, 3.3, 0.371, 0.6, 0.063, 0.5, 0.058, 0.048
1626158, Richaun Holmes, 1610612756, PHX, 70, 16, 54, 16.9, 0.8, 0.3, 0.7, 0.478, 0.2, 0.2, 0.733, 0.8, 0.966, 0.1, 0.069, 0.0, 0.017, 0.0, 0.017, 0.121
201937, Ricky Rubio, 1610612762, UTA, 65, 38, 27, 28.1, 12.2, 1.8, 3.7, 0.494, 1.0, 1.2, 0.813, 4.7, 0.385, 6.6, 0.538, 1.8, 0.151, 0.9, 0.077, 0.049
203496, Robert Covington, 1610612750, MIN, 35, 20, 15, 34.4, 2.3, 0.5, 1.1, 0.425, 0.5, 0.6, 0.8, 1.5, 0.65, 0.5, 0.238, 0.1, 0.05, 0.2, 0.1, 0.125
1629057, Robert Williams III, 1610612738, BOS, 30, 16, 14, 8.3, 0.0, 0.0, 0.0, 0.0, 0.0, 0.0, 0.0, 0.0, 0.0, 0.0, 0.0, 0.0, 0.0, 0.0, 0.0, 0.0
201577, Robin Lopez, 1610612741, CHI, 70, 20, 50, 21.4, 0.8, 0.3, 0.5, 0.611, 0.1, 0.1, 0.889, 0.8, 0.946, 0.2, 0.196, 0.0, 0.036, 0.1, 0.071, 0.071
1629066, Rodions Kurucs, 1610612751, BKN, 60, 33, 27, 20.4, 3.2, 0.8, 1.6, 0.5, 0.6, 0.6, 0.895, 2.2, 0.691, 0.8, 0.246, 0.2, 0.047, 0.4, 0.11, 0.099
203918, Rodney Hood, 1610612757, POR, 68, 26, 42, 26.2, 4.4, 1.0, 2.5, 0.419, 0.7, 0.8, 0.923, 2.8, 0.641, 1.4, 0.309, 0.3, 0.066, 0.1, 0.03, 0.086
203585, Rodney McGruder, 1610612748, MIA, 64, 31, 33, 23.7, 4.9, 0.9, 2.2, 0.399, 0.2, 0.3, 0.65, 2.0, 0.411, 2.0, 0.411, 0.5, 0.099, 0.4, 0.076, 0.032
1627758, Ron Baker, 1610612764, WAS, 15, 4, 11, 10.1, 0.7, 0.0, 0.1, 0.0, 0.1, 0.1, 1.0, 0.1, 0.2, 0.5, 0.7, 0.2, 0.3, 0.0, 0.0, 0.1
1626178, Rondae Hollis-Jefferson, 1610612751, BKN, 58, 26, 32, 20.8, 4.3, 1.0, 2.4, 0.438, 0.6, 1.0, 0.661, 2.8, 0.643, 1.1, 0.258, 0.2, 0.052, 0.3, 0.063, 0.111
1626220, Royce O'Neale, 1610612762, UTA, 76, 47, 29, 20.1, 2.9, 0.4, 0.9, 0.457, 0.2, 0.3, 0.75, 1.1, 0.376, 1.4, 0.482, 0.3, 0.106, 0.3, 0.119, 0.055
200752, Rudy Gay, 1610612759, SAS, 65, 38, 27, 26.8, 4.7, 1.5, 2.9, 0.524, 0.5, 0.7, 0.795, 3.6, 0.777, 1.1, 0.23, 0.3, 0.056, 0.2, 0.046, 0.069
203497, Rudy Gobert, 1610612762, UTA, 76, 47, 29, 31.7, 0.7, 0.1, 0.3, 0.55, 0.1, 0.2, 0.583, 0.4, 0.6, 0.2, 0.34, 0.0, 0.06, 0.1, 0.12, 0.12
201566, Russell Westbrook, 1610612760, OKC, 68, 40, 28, 36.0, 18.1, 2.8, 5.8, 0.491, 1.5, 2.3, 0.65, 7.3, 0.401, 9.5, 0.527, 2.7, 0.151, 1.3, 0.072, 0.062
201583, Ryan Anderson, 1610612748, MIA, 24, 6, 18, 13.3, 0.9, 0.2, 0.3, 0.5, 0.2, 0.3, 0.833, 0.5, 0.619, 0.3, 0.333, 0.1, 0.095, 0.1, 0.143, 0.143
1627853, Ryan Arcidiacono, 1610612741, CHI, 77, 22, 55, 24.1, 5.0, 0.8, 1.6, 0.508, 0.5, 0.6, 0.913, 2.2, 0.432, 2.8, 0.565, 0.8, 0.151, 0.2, 0.042, 0.057
1629151, Ryan Broekhoff, 1610612742, DAL, 38, 13, 25, 10.1, 0.8, 0.1, 0.2, 0.5, 0.1, 0.1, 1.0, 0.3, 0.313, 0.6, 0.656, 0.2, 0.219, 0.0, 0.031, 0.031
1626257, Salah Mejri, 1610612742, DAL, 33, 12, 21, 10.1, 0.2, 0.0, 0.1, 0.333, 0.1, 0.1, 1.0, 0.1, 0.8, 0.0, 0.0, 0.0, 0.0, 0.0, 0.0, 0.2
1626155, Sam Dekker, 1610612764, WAS, 42, 13, 29, 16.4, 2.0, 0.4, 1.2, 0.34, 0.1, 0.4, 0.4, 0.9, 0.476, 0.5, 0.268, 0.1, 0.049, 0.0, 0.024, 0.085
203159, Scott Machado, 1610612747, LAL, 3, 2, 1, 6.0, 2.7, 0.3, 0.3, 1.0, 0.0, 0.0, 0.0, 0.7, 0.25, 1.7, 0.625, 0.7, 0.25, 0.0, 0.0, 0.0
1628400, Semi Ojeleye, 1610612738, BOS, 54, 37, 17, 10.2, 0.8, 0.1, 0.3, 0.471, 0.1, 0.2, 0.7, 0.4, 0.548, 0.2, 0.286, 0.0, 0.048, 0.1, 0.143, 0.119
201586, Serge Ibaka, 1610612761, TOR, 72, 52, 20, 27.4, 1.5, 0.4, 0.8, 0.426, 0.2, 0.3, 0.789, 0.9, 0.62, 0.4, 0.241, 0.1, 0.074, 0.1, 0.083, 0.093
203552, Seth Curry, 1610612757, POR, 71, 46, 25, 18.7, 2.2, 0.6, 1.1, 0.547, 0.2, 0.2, 0.867, 1.3, 0.621, 0.8, 0.359, 0.1, 0.052, 0.2, 0.072, 0.046
203894, Shabazz Napier, 1610612751, BKN, 55, 25, 30, 17.3, 5.5, 0.9, 2.2, 0.417, 1.1, 1.2, 0.908, 3.0, 0.543, 2.1, 0.377, 0.6, 0.103, 0.4, 0.067, 0.11
1628983, Shai Gilgeous-Alexander, 1610612746, LAC, 78, 47, 31, 26.3, 10.2, 2.0, 3.9, 0.5, 1.0, 1.3, 0.81, 5.1, 0.493, 4.6, 0.447, 1.2, 0.119, 0.8, 0.08, 0.058
1629003, Shake Milton, 1610612755, PHI, 16, 8, 8, 11.3, 1.5, 0.2, 0.7, 0.273, 0.1, 0.1, 0.5, 0.5, 0.333, 0.7, 0.458, 0.1, 0.042, 0.1, 0.042, 0.042
1627885, Shaquille Harrison, 1610612741, CHI, 69, 20, 49, 19.5, 6.5, 1.3, 2.8, 0.453, 0.6, 0.8, 0.741, 3.1, 0.482, 2.8, 0.429, 0.7, 0.111, 0.4, 0.062, 0.058
2733, Shaun Livingston, 1610612744, GSW, 60, 42, 18, 15.3, 1.0, 0.2, 0.5, 0.483, 0.1, 0.1, 0.833, 0.6, 0.614, 0.3, 0.333, 0.1, 0.088, 0.0, 0.035, 0.053
202714, Shelvin Mack, 1610612766, CHA, 57, 22, 35, 21.9, 6.7, 1.1, 2.7, 0.416, 0.2, 0.4, 0.583, 2.6, 0.384, 3.2, 0.476, 0.8, 0.113, 0.4, 0.066, 0.032
1628414, Sindarius Thornwell, 1610612746, LAC, 60, 36, 24, 4.7, 0.6, 0.1, 0.3, 0.4, 0.0, 0.1, 0.5, 0.3, 0.455, 0.2, 0.333, 0.0, 0.03, 0.1, 0.152, 0.061
1627746, Skal Labissiere, 1610612757, POR, 20, 10, 10, 6.5, 0.3, 0.1, 0.1, 0.5, 0.2, 0.2, 0.75, 0.3, 1.0, 0.1, 0.2, 0.1, 0.2, 0.0, 0.0, 0.4
203524, Solomon Hill, 1610612740, NOP, 41, 13, 28, 19.5, 1.0, 0.1, 0.5, 0.158, 0.1, 0.2, 0.75, 0.3, 0.308, 0.3, 0.333, 0.1, 0.154, 0.0, 0.051, 0.103
203915, Spencer Dinwiddie, 1610612751, BKN, 65, 33, 32, 28.2, 14.4, 3.0, 5.8, 0.517, 2.6, 3.2, 0.791, 8.8, 0.609, 5.7, 0.396, 1.0, 0.071, 0.9, 0.064, 0.111
1626169, Stanley Johnson, 1610612740, NOP, 66, 28, 38, 18.3, 3.5, 0.8, 1.6, 0.523, 0.3, 0.3, 0.85, 2.0, 0.565, 1.2, 0.353, 0.3, 0.082, 0.4, 0.112, 0.039
201939, Stephen Curry, 1610612744, GSW, 64, 48, 16, 34.1, 7.9, 1.6, 3.1, 0.508, 0.8, 0.9, 0.914, 4.0, 0.512, 3.7, 0.472, 0.5, 0.067, 0.5, 0.067, 0.054
1628425, Sterling Brown, 1610612749, MIL, 54, 43, 11, 17.0, 2.5, 0.6, 1.1, 0.565, 0.2, 0.2, 0.833, 1.5, 0.596, 1.0, 0.404, 0.3, 0.118, 0.2, 0.081, 0.044
203500, Steven Adams, 1610612760, OKC, 75, 43, 32, 33.8, 0.1, 0.0, 0.0, 0.667, 0.0, 0.1, 0.333, 0.1, 0.545, 0.0, 0.182, 0.0, 0.0, 0.0, 0.273, 0.273
1629004, Svi Mykhailiuk, 1610612765, DET, 42, 19, 23, 10.5, 1.5, 0.2, 0.4, 0.467, 0.1, 0.1, 0.5, 0.4, 0.279, 0.7, 0.508, 0.3, 0.18, 0.2, 0.164, 0.049
204456, T.J. McConnell, 1610612755, PHI, 72, 44, 28, 19.3, 4.8, 1.3, 2.5, 0.536, 0.2, 0.2, 1.0, 2.8, 0.591, 1.8, 0.38, 0.5, 0.104, 0.3, 0.064, 0.014
203933, T.J. Warren, 1610612756, PHX, 43, 10, 33, 31.6, 6.8, 2.3, 4.9, 0.476, 1.0, 1.2, 0.9, 5.9, 0.863, 0.9, 0.126, 0.2, 0.031, 0.3, 0.044, 0.085
1628388, TJ Leaf, 1610612754, IND, 55, 34, 21, 8.3, 0.8, 0.3, 0.5, 0.483, 0.1, 0.1, 0.5, 0.6, 0.744, 0.1, 0.186, 0.1, 0.07, 0.0, 0.047, 0.093
1628769, Tahjere McCall, 1610612751, BKN, 1, 0, 1, 8.0, 1.0, 1.0, 1.0, 1.0, 0.0, 0.0, 0.0, 2.0, 2.0, 0.0, 0.0, 0.0, 0.0, 0.0, 0.0, 0.0
201959, Taj Gibson, 1610612750, MIN, 70, 32, 38, 24.1, 0.8, 0.3, 0.6, 0.45, 0.0, 0.1, 0.429, 0.6, 0.727, 0.1, 0.109, 0.0, 0.036, 0.1, 0.091, 0.055
1627752, Taurean Prince, 1610612737, ATL, 52, 19, 33, 28.2, 5.5, 1.1, 2.3, 0.492, 0.7, 0.8, 0.878, 3.0, 0.554, 2.2, 0.396, 0.5, 0.095, 0.5, 0.084, 0.063
1628390, Terrance Ferguson, 1610612760, OKC, 69, 40, 29, 25.9, 1.4, 0.2, 0.4, 0.367, 0.2, 0.3, 0.85, 0.6, 0.402, 0.7, 0.474, 0.2, 0.144, 0.1, 0.082, 0.103
203093, Terrence Jones, 1610612745, HOU, 2, 2, 0, 2.6, 0.5, 0.0, 0.0, 0.0, 0.0, 0.0, 0.0, 0.0, 0.0, 0.5, 1.0, 0.0, 0.0, 0.0, 0.0, 0.0
203082, Terrence Ross, 1610612753, ORL, 76, 37, 39, 26.5, 2.1, 0.5, 1.2, 0.409, 0.1, 0.1, 0.714, 1.0, 0.503, 0.6, 0.287, 0.2, 0.102, 0.2, 0.096, 0.019
1626179, Terry Rozier, 1610612738, BOS, 76, 45, 31, 22.9, 4.9, 0.9, 2.2, 0.41, 0.3, 0.3, 0.731, 2.1, 0.422, 2.2, 0.454, 0.4, 0.091, 0.2, 0.046, 0.035
200757, Thabo Sefolosha, 1610612762, UTA, 44, 25, 19, 11.2, 0.8, 0.2, 0.3, 0.6, 0.0, 0.0, 1.0, 0.5, 0.541, 0.4, 0.432, 0.1, 0.081, 0.1, 0.108, 0.027
201152, Thaddeus Young, 1610612754, IND, 79, 47, 32, 30.8, 1.8, 0.5, 0.9, 0.493, 0.2, 0.2, 0.722, 1.1, 0.603, 0.6, 0.322, 0.1, 0.068, 0.1, 0.068, 0.055
1629033, Theo Pinson, 1610612751, BKN, 17, 6, 11, 11.3, 2.2, 0.3, 0.8, 0.385, 0.5, 0.6, 0.8, 1.1, 0.474, 0.9, 0.395, 0.2, 0.105, 0.3, 0.132, 0.132
1628418, Thomas Bryant, 1610612764, WAS, 67, 28, 39, 20.6, 0.3, 0.1, 0.2, 0.615, 0.0, 0.0, 0.5, 0.3, 0.739, 0.1, 0.304, 0.0, 0.043, 0.0, 0.043, 0.043
1629118, Thomas Welsh, 1610612743, DEN, 11, 8, 3, 3.3, 0.1, 0.0, 0.0, 0.0, 0.0, 0.0, 0.0, 0.0, 0.0, 0.0, 0.0, 0.0, 0.0, 0.1, 1.0, 0.0
1627748, Thon Maker, 1610612765, DET, 60, 42, 18, 15.1, 0.3, 0.1, 0.1, 0.6, 0.1, 0.2, 0.7, 0.2, 0.684, 0.1, 0.421, 0.0, 0.053, 0.0, 0.053, 0.263
204025, Tim Frazier, 1610612749, MIL, 55, 25, 30, 18.5, 3.2, 0.5, 0.9, 0.5, 0.2, 0.3, 0.714, 1.1, 0.347, 1.9, 0.58, 0.6, 0.188, 0.2, 0.063, 0.04
203501, Tim Hardaway Jr., 1610612742, DAL, 64, 14, 50, 31.8, 5.4, 1.3, 3.0, 0.42, 1.0, 1.2, 0.84, 3.6, 0.663, 1.4, 0.265, 0.3, 0.061, 0.2, 0.04, 0.104
1627789, Timothe Luwawu-Cabarrot, 1610612741, CHI, 47, 25, 22, 12.5, 1.5, 0.3, 0.7, 0.364, 0.1, 0.1, 0.8, 0.6, 0.429, 0.6, 0.4, 0.1, 0.086, 0.1, 0.086, 0.029
202699, Tobias Harris, 1610612755, PHI, 79, 45, 34, 35.0, 8.8, 2.3, 4.6, 0.506, 1.1, 1.2, 0.896, 5.8, 0.666, 2.9, 0.334, 0.6, 0.072, 0.5, 0.059, 0.066
203107, Tomas Satoransky, 1610612764, WAS, 75, 31, 44, 27.0, 6.8, 1.0, 2.3, 0.456, 0.7, 0.9, 0.813, 2.8, 0.41, 3.5, 0.514, 1.0, 0.145, 0.4, 0.061, 0.061
1628396, Tony Bradley, 1610612762, UTA, 1, 1, 0, 8.6, 0.0, 0.0, 0.0, 0.0, 0.0, 0.0, 0.0, 0.0, 0.0, 0.0, 0.0, 0.0, 0.0, 0.0, 0.0, 0.0
2225, Tony Parker, 1610612766, CHA, 56, 30, 26, 17.9, 10.2, 2.0, 3.9, 0.519, 0.9, 1.2, 0.754, 5.0, 0.489, 4.7, 0.464, 1.3, 0.123, 0.7, 0.07, 0.056
203503, Tony Snell, 1610612749, MIL, 74, 55, 19, 17.6, 1.8, 0.5, 1.1, 0.474, 0.1, 0.1, 1.0, 1.1, 0.629, 0.6, 0.311, 0.1, 0.076, 0.1, 0.053, 0.023
1628470, Torrey Craig, 1610612743, DEN, 69, 47, 22, 20.1, 0.9, 0.2, 0.4, 0.433, 0.0, 0.1, 0.5, 0.4, 0.475, 0.3, 0.373, 0.0, 0.034, 0.1, 0.085, 0.034
1629027, Trae Young, 1610612737, ATL, 79, 29, 50, 30.9, 17.6, 3.3, 6.5, 0.5, 1.7, 2.0, 0.859, 8.3, 0.473, 8.0, 0.455, 2.4, 0.137, 1.5, 0.086, 0.057
1626203, Treveon Graham, 1610612751, BKN, 32, 16, 16, 20.2, 2.3, 0.6, 1.1, 0.588, 0.2, 0.2, 1.0, 1.5, 0.653, 0.9, 0.403, 0.3, 0.111, 0.1, 0.056, 0.042
1628979, Trevon Duval, 1610612745, HOU, 3, 2, 1, 1.9, 2.0, 0.3, 0.7, 0.5, 0.0, 0.0, 0.0, 0.7, 0.333, 1.3, 0.667, 0.7, 0.333, 0.0, 0.0, 0.0
2772, Trevor Ariza, 1610612764, WAS, 68, 21, 47, 34.0, 6.0, 0.8, 2.1, 0.375, 0.6, 0.6, 0.907, 2.2, 0.37, 3.0, 0.496, 0.7, 0.123, 0.4, 0.069, 0.049
203504, Trey Burke, 1610612742, DAL, 54, 14, 40, 19.3, 7.7, 1.8, 3.8, 0.459, 0.9, 1.1, 0.825, 4.5, 0.589, 2.9, 0.37, 0.6, 0.077, 0.4, 0.046, 0.065
1626168, Trey Lyles, 1610612743, DEN, 62, 41, 21, 17.4, 2.7, 0.7, 1.6, 0.44, 0.4, 0.5, 0.821, 1.8, 0.665, 0.6, 0.224, 0.1, 0.053, 0.3, 0.094, 0.082
202684, Tristan Thompson, 1610612739, CLE, 42, 8, 34, 28.0, 1.9, 0.7, 1.2, 0.6, 0.3, 0.4, 0.75, 1.7, 0.911, 0.4, 0.19, 0.0, 0.025, 0.1, 0.051, 0.101
1628972, Troy Brown Jr., 1610612764, WAS, 47, 19, 28, 12.8, 2.5, 0.4, 1.4, 0.318, 0.3, 0.4, 0.789, 1.2, 0.487, 0.7, 0.282, 0.2, 0.077, 0.2, 0.068, 0.077
1628505, Troy Caupain, 1610612753, ORL, 4, 3, 1, 3.9, 0.3, 0.3, 0.3, 1.0, 0.0, 0.0, 0.0, 0.5, 2.0, 0.0, 0.0, 0.0, 0.0, 0.0, 0.0, 0.0
203584, Troy Daniels, 1610612756, PHX, 48, 12, 36, 14.6, 0.6, 0.1, 0.4, 0.278, 0.1, 0.1, 1.0, 0.3, 0.556, 0.1, 0.222, 0.0, 0.037, 0.0, 0.037, 0.074
1627786, Troy Williams, 1610612758, SAC, 18, 7, 11, 15.9, 1.2, 0.2, 0.8, 0.286, 0.1, 0.1, 0.5, 0.5, 0.409, 0.3, 0.273, 0.0, 0.0, 0.1, 0.045, 0.045
1628463, Tyler Cavanaugh, 1610612762, UTA, 8, 5, 3, 2.3, 0.3, 0.0, 0.0, 0.0, 0.3, 0.3, 1.0, 0.3, 1.0, 0.1, 0.5, 0.0, 0.0, 0.0, 0.0, 0.5
1629093, Tyler Davis, 1610612760, OKC, 1, 1, 0, 0.9, 0.0, 0.0, 0.0, 0.0, 0.0, 0.0, 0.0, 0.0, 0.0, 0.0, 0.0, 0.0, 0.0, 0.0, 0.0, 0.0
1628416, Tyler Dorsey, 1610612763, MEM, 43, 9, 34, 12.9, 3.0, 0.5, 1.1, 0.449, 0.3, 0.5, 0.667, 1.4, 0.469, 1.4, 0.469, 0.2, 0.069, 0.1, 0.046, 0.1
204020, Tyler Johnson, 1610612756, PHX, 57, 26, 31, 26.8, 6.8, 1.1, 2.6, 0.397, 0.6, 0.8, 0.729, 2.8, 0.408, 3.1, 0.452, 0.6, 0.096, 0.5, 0.073, 0.062
1628399, Tyler Lydon, 1610612743, DEN, 24, 20, 4, 3.7, 0.1, 0.0, 0.1, 0.0, 0.0, 0.0, 0.0, 0.0, 0.0, 0.0, 0.333, 0.0, 0.0, 0.0, 0.0, 0.0
1627755, Tyler Ulis, 1610612741, CHI, 1, 0, 1, 0.8, 0.0, 0.0, 0.0, 0.0, 0.0, 0.0, 0.0, 0.0, 0.0, 0.0, 0.0, 0.0, 0.0, 0.0, 0.0, 0.0
203092, Tyler Zeller, 1610612737, ATL, 2, 1, 1, 5.3, 0.0, 0.0, 0.0, 0.0, 0.0, 0.0, 0.0, 0.0, 0.0, 0.0, 0.0, 0.0, 0.0, 0.0, 0.0, 0.0
201936, Tyreke Evans, 1610612754, IND, 67, 40, 27, 20.2, 6.4, 1.1, 3.0, 0.36, 0.6, 0.9, 0.649, 2.7, 0.424, 2.3, 0.358, 0.6, 0.098, 0.5, 0.082, 0.061
1627820, Tyrone Wallace, 1610612746, LAC, 58, 33, 25, 10.1, 2.7, 0.6, 1.4, 0.405, 0.2, 0.3, 0.706, 1.4, 0.513, 0.9, 0.335, 0.2, 0.057, 0.1, 0.051, 0.057
2199, Tyson Chandler, 1610612747, LAL, 55, 26, 29, 15.9, 0.0, 0.0, 0.0, 0.0, 0.0, 0.0, 0.0, 0.0, 0.0, 0.0, 0.0, 0.0, 0.0, 0.0, 0.0, 0.0
1626145, Tyus Jones, 1610612750, MIN, 63, 27, 36, 22.3, 4.2, 0.9, 2.5, 0.374, 0.4, 0.5, 0.862, 2.3, 0.534, 1.4, 0.323, 0.4, 0.102, 0.2, 0.038, 0.053
2617, Udonis Haslem, 1610612748, MIA, 8, 7, 1, 4.3, 0.0, 0.0, 0.0, 0.0, 0.0, 0.0, 0.0, 0.0, 0.0, 0.0, 0.0, 0.0, 0.0, 0.0, 0.0, 0.0
203506, Victor Oladipo, 1610612754, IND, 36, 25, 11, 31.9, 9.5, 1.8, 4.4, 0.42, 1.2, 1.7, 0.7, 5.0, 0.523, 3.4, 0.36, 0.9, 0.099, 0.6, 0.058, 0.088
1713, Vince Carter, 1610612737, ATL, 73, 25, 48, 17.3, 1.6, 0.4, 0.9, 0.508, 0.1, 0.2, 0.571, 1.0, 0.615, 0.5, 0.299, 0.1, 0.06, 0.1, 0.085, 0.051
1629053, Vincent Edwards, 1610612745, HOU, 2, 1, 1, 7.9, 0.0, 0.0, 0.0, 0.0, 0.0, 0.0, 0.0, 0.0, 0.0, 0.0, 0.0, 0.0, 0.0, 0.0, 0.0, 0.0
1627735, Wade Baldwin IV, 1610612757, POR, 16, 10, 6, 5.9, 2.7, 0.4, 1.1, 0.333, 0.1, 0.1, 0.5, 0.9, 0.326, 1.2, 0.442, 0.2, 0.07, 0.3, 0.116, 0.023
1627215, Walter Lemon Jr., 1610612741, CHI, 3, 1, 2, 30.2, 17.7, 4.7, 9.3, 0.5, 1.0, 1.7, 0.6, 10.3, 0.585, 6.7, 0.377, 2.0, 0.113, 0.7, 0.038, 0.038
201961, Wayne Ellington, 1610612765, DET, 49, 24, 25, 24.0, 1.9, 0.4, 0.7, 0.528, 0.1, 0.2, 0.875, 0.9, 0.479, 0.9, 0.489, 0.3, 0.138, 0.1, 0.064, 0.043
1627782, Wayne Selden, 1610612741, CHI, 72, 27, 45, 19.1, 4.4, 0.9, 2.1, 0.421, 0.4, 0.5, 0.842, 2.3, 0.511, 1.6, 0.357, 0.4, 0.085, 0.4, 0.085, 0.056
1628976, Wendell Carter Jr., 1610612741, CHI, 43, 10, 33, 25.4, 0.3, 0.1, 0.2, 0.444, 0.1, 0.1, 1.0, 0.3, 0.933, 0.1, 0.2, 0.0, 0.067, 0.0, 0.067, 0.133
1628411, Wes Iwundu, 1610612753, ORL, 65, 33, 32, 18.0, 1.8, 0.2, 0.8, 0.278, 0.4, 0.4, 0.821, 0.8, 0.453, 0.6, 0.359, 0.1, 0.06, 0.1, 0.043, 0.12
202325, Wesley Johnson, 1610612764, WAS, 38, 17, 21, 14.1, 0.2, 0.1, 0.1, 0.5, 0.1, 0.1, 0.75, 0.2, 0.875, 0.0, 0.125, 0.0, 0.0, 0.0, 0.125, 0.25
202083, Wesley Matthews, 1610612754, IND, 67, 27, 40, 30.5, 3.7, 0.7, 1.8, 0.378, 0.4, 0.5, 0.848, 1.8, 0.482, 1.4, 0.369, 0.5, 0.137, 0.3, 0.068, 0.064
203115, Will Barton, 1610612743, DEN, 37, 24, 13, 27.9, 6.7, 1.2, 3.0, 0.396, 0.7, 0.9, 0.813, 3.1, 0.462, 2.8, 0.422, 0.5, 0.076, 0.3, 0.048, 0.06
1626161, Willie Cauley-Stein, 1610612758, SAC, 78, 38, 40, 27.5, 1.7, 0.4, 1.0, 0.37, 0.3, 0.5, 0.615, 1.1, 0.637, 0.3, 0.163, 0.0, 0.022, 0.1, 0.074, 0.141
1626195, Willy Hernangomez, 1610612766, CHA, 55, 29, 26, 14.5, 0.3, 0.1, 0.1, 0.833, 0.1, 0.3, 0.571, 0.3, 0.947, 0.0, 0.053, 0.0, 0.0, 0.1, 0.211, 0.368
201163, Wilson Chandler, 1610612746, LAC, 47, 34, 13, 23.5, 1.6, 0.4, 0.7, 0.576, 0.1, 0.1, 0.714, 0.9, 0.589, 0.6, 0.411, 0.2, 0.137, 0.1, 0.082, 0.041
1627812, Yogi Ferrell, 1610612758, SAC, 67, 32, 35, 14.5, 3.4, 0.6, 1.2, 0.506, 0.3, 0.3, 0.818, 1.5, 0.443, 1.8, 0.522, 0.4, 0.127, 0.1, 0.039, 0.048
1629139, Yuta Watanabe, 1610612763, MEM, 12, 3, 9, 10.7, 0.9, 0.1, 0.3, 0.25, 0.2, 0.2, 1.0, 0.3, 0.364, 0.3, 0.364, 0.0, 0.0, 0.2, 0.182, 0.091
1628380, Zach Collins, 1610612757, POR, 72, 47, 25, 17.7, 0.6, 0.2, 0.3, 0.545, 0.1, 0.1, 0.875, 0.5, 0.805, 0.2, 0.341, 0.0, 0.0, 0.0, 0.024, 0.098
203897, Zach LaVine, 1610612741, CHI, 62, 16, 46, 34.4, 13.6, 3.3, 6.7, 0.496, 2.6, 3.2, 0.812, 9.5, 0.702, 4.0, 0.294, 0.8, 0.062, 1.0, 0.071, 0.113
1629155, Zach Lofton, 1610612765, DET, 1, 1, 0, 3.8, 1.0, 0.0, 0.0, 0.0, 0.0, 0.0, 0.0, 0.0, 0.0, 1.0, 1.0, 0.0, 0.0, 0.0, 0.0, 0.0
2585, Zaza Pachulia, 1610612765, DET, 65, 33, 32, 12.9, 0.4, 0.1, 0.1, 0.667, 0.1, 0.2, 0.6, 0.3, 0.692, 0.2, 0.385, 0.0, 0.038, 0.0, 0.038, 0.192
1629015, Zhaire Smith, 1610612755, PHI, 2, 0, 2, 7.7, 0.0, 0.0, 0.0, 0.0, 0.0, 0.0, 0.0, 0.0, 0.0, 0.0, 0.0, 0.0, 0.0, 0.0, 0.0, 0.0
1627753, Zhou Qi, 1610612745, HOU, 1, 0, 1, 1.0, 0.0, 0.0, 0.0, 0.0, 0.0, 0.0, 0.0, 0.0, 0.0, 0.0, 0.0, 0.0, 0.0, 0.0, 0.0, 0.0
